-- Adminer 4.7.7 MySQL dump

SET NAMES utf8;
SET time_zone = '+00:00';
SET foreign_key_checks = 0;
SET sql_mode = 'NO_AUTO_VALUE_ON_ZERO';

USE `gs`;

DROP TABLE IF EXISTS `001_cart_products`;
CREATE TABLE `001_cart_products` (
  `id` int NOT NULL AUTO_INCREMENT,
  `cart_id` int NOT NULL,
  `product_id` int NOT NULL,
  `quantity` float NOT NULL,
  `client` float NOT NULL DEFAULT '0',
  `restaurant` float NOT NULL DEFAULT '0',
  `price` float NOT NULL,
  PRIMARY KEY (`id`),
  KEY `order_id` (`cart_id`),
  KEY `product_id` (`product_id`)
) ENGINE=InnoDB DEFAULT CHARSET=utf8;

INSERT INTO `001_cart_products` (`id`, `cart_id`, `product_id`, `quantity`, `client`, `restaurant`, `price`) VALUES
(1,	53,	151,	0.5,	0,	0,	130),
(2,	53,	91,	6,	0,	0,	12.8),
(3,	53,	80,	2,	0,	0,	40),
(4,	53,	222,	2,	0,	0,	10),
(5,	53,	166,	1,	0,	0,	90),
(6,	53,	140,	1,	0,	0,	14),
(7,	53,	67,	1,	0,	0,	6),
(8,	53,	115,	1,	0,	0,	8),
(9,	53,	36,	0.3,	0,	0,	80),
(10,	53,	59,	0.3,	0,	0,	185),
(11,	53,	54,	0.2,	0,	0,	128),
(12,	53,	65,	1,	0,	0,	8.4),
(13,	53,	25,	1,	0,	0,	60),
(14,	53,	41,	1,	0,	0,	37),
(15,	53,	40,	1,	0,	0,	28),
(16,	53,	39,	0.5,	0,	0,	55),
(17,	52,	209,	1,	0,	0,	80),
(18,	52,	212,	1,	0,	0,	40),
(19,	52,	197,	0.5,	0,	0,	15),
(20,	52,	183,	1,	0,	0,	35),
(21,	52,	172,	0.5,	0,	0,	110),
(22,	52,	170,	1,	0,	0,	30),
(23,	52,	167,	0.5,	0,	0,	85),
(24,	52,	166,	1.5,	0,	0,	90),
(25,	52,	151,	1,	0,	0,	130),
(26,	52,	109,	0.5,	0,	0,	72),
(27,	52,	101,	2,	0,	0,	11),
(28,	52,	74,	0.3,	0,	0,	895),
(29,	52,	61,	0.5,	0,	0,	30),
(30,	52,	62,	1,	0,	0,	42),
(31,	52,	44,	1,	0,	0,	60),
(32,	52,	40,	4,	0,	0,	28),
(33,	52,	25,	1,	0,	0,	60),
(34,	52,	21,	1,	0,	0,	40),
(45,	57,	123,	0.2,	0,	0,	43),
(46,	57,	115,	1,	0,	0,	8),
(47,	57,	99,	0.8,	0,	0,	20),
(48,	57,	94,	0.5,	0,	0,	35),
(49,	57,	93,	2,	0,	0,	6),
(50,	57,	91,	10,	0,	0,	8),
(51,	57,	203,	0.2,	0,	0,	70),
(52,	57,	152,	1.5,	0,	0,	35),
(53,	58,	141,	0.2,	0,	0,	110),
(55,	59,	164,	1.5,	0,	0,	43),
(56,	59,	153,	1,	0,	0,	60),
(57,	59,	147,	1,	0,	0,	20),
(58,	59,	90,	1,	0,	0,	12),
(59,	59,	80,	3,	0,	0,	17),
(60,	59,	40,	2,	0,	0,	28),
(61,	59,	15,	1,	0,	0,	25.5),
(62,	59,	181,	0.5,	0,	0,	190),
(63,	59,	65,	1,	0,	0,	8.4),
(64,	59,	151,	0.5,	0,	0,	130),
(65,	60,	222,	6,	0,	0,	10),
(66,	60,	223,	1,	0,	0,	105),
(67,	60,	209,	1,	0,	0,	80),
(68,	60,	212,	1,	0,	0,	40),
(69,	60,	170,	0.7,	0,	0,	30),
(70,	60,	167,	0.7,	0,	0,	85),
(71,	60,	164,	1,	0,	0,	43),
(72,	60,	157,	0.7,	0,	0,	50),
(73,	60,	154,	0.5,	0,	0,	62),
(74,	60,	147,	1,	0,	0,	20),
(75,	60,	129,	1,	0,	0,	110),
(76,	60,	125,	1,	0,	0,	60),
(77,	60,	122,	0.6,	0,	0,	90),
(78,	60,	115,	1,	0,	0,	8),
(79,	60,	90,	1,	0,	0,	12),
(80,	60,	84,	0.5,	0,	0,	87),
(81,	60,	78,	1,	0,	0,	63),
(82,	60,	64,	0.7,	0,	0,	95),
(83,	60,	62,	1,	0,	0,	23),
(84,	60,	61,	1,	0,	0,	30),
(85,	60,	59,	0.4,	0,	0,	185),
(86,	60,	40,	6,	0,	0,	28),
(87,	60,	15,	1,	0,	0,	25.5),
(88,	61,	222,	6,	0,	0,	10),
(89,	61,	196,	1,	0,	0,	15),
(90,	61,	164,	0.5,	0,	0,	43),
(91,	61,	163,	1,	0,	0,	35),
(92,	61,	152,	1,	0,	0,	35),
(93,	61,	147,	1,	0,	0,	20),
(94,	61,	125,	0.5,	0,	0,	60),
(95,	61,	73,	0.3,	0,	0,	240),
(96,	61,	16,	2,	0,	0,	42),
(97,	61,	157,	1,	0,	0,	50),
(98,	61,	101,	2,	0,	0,	8),
(99,	61,	96,	1,	0,	0,	5),
(100,	61,	66,	1,	0,	0,	9),
(101,	61,	63,	0.3,	0,	0,	121),
(102,	62,	222,	2,	0,	0,	10),
(106,	64,	21,	3,	0,	0,	40),
(107,	64,	62,	2,	0,	0,	23),
(108,	64,	90,	2,	0,	0,	12),
(109,	64,	97,	1,	0,	0,	17),
(110,	64,	100,	5,	0,	0,	11),
(111,	64,	147,	4,	10,	0,	13),
(112,	64,	163,	4,	10,	0,	32.4),
(113,	64,	174,	2,	0,	0,	35),
(114,	65,	91,	10,	0,	0,	8),
(116,	66,	91,	30,	0,	0,	8),
(117,	67,	164,	1.5,	0,	0,	43),
(118,	67,	101,	2.5,	0,	0,	8),
(119,	67,	94,	1,	0,	0,	35),
(120,	67,	90,	0.7,	0,	0,	12),
(121,	67,	173,	1,	0,	0,	32),
(122,	67,	61,	1,	0,	0,	30),
(123,	67,	209,	1,	0,	0,	80),
(124,	67,	74,	0.2,	0,	0,	895),
(125,	67,	212,	1,	0,	0,	40),
(126,	67,	168,	0.7,	0,	0,	55),
(127,	67,	125,	1,	0,	0,	60),
(128,	67,	108,	1,	0,	0,	35),
(129,	67,	78,	0.7,	0,	0,	63),
(130,	67,	40,	5,	0,	0,	28),
(131,	67,	16,	1,	0,	0,	42),
(132,	67,	39,	1,	0,	0,	55),
(133,	68,	123,	0.5,	0,	0,	48),
(134,	68,	104,	0.5,	0,	0,	90),
(135,	68,	78,	1,	0,	0,	63),
(136,	68,	73,	0.3,	0,	0,	240),
(137,	68,	41,	3,	0,	0,	37),
(138,	68,	39,	1,	0,	0,	55),
(139,	68,	16,	1,	0,	0,	42),
(140,	68,	15,	2,	0,	0,	25.5),
(141,	68,	163,	1,	0,	0,	32.4),
(142,	68,	152,	0.5,	0,	0,	35),
(143,	68,	147,	0.5,	0,	0,	13),
(144,	68,	125,	0.3,	0,	0,	60),
(145,	68,	100,	2,	0,	0,	11),
(146,	68,	64,	0.5,	0,	0,	95),
(147,	68,	62,	1,	0,	0,	23),
(148,	68,	168,	0.3,	0,	0,	55),
(149,	69,	168,	0.3,	0,	0,	55),
(150,	69,	165,	1,	0,	0,	37),
(151,	69,	164,	0.5,	0,	0,	43),
(152,	69,	157,	1,	0,	0,	50),
(153,	69,	147,	1,	0,	0,	13),
(154,	69,	125,	0.4,	0,	0,	60),
(155,	69,	91,	1,	0,	0,	8),
(156,	69,	64,	1,	0,	0,	95),
(157,	69,	59,	0.5,	0,	0,	185),
(158,	69,	41,	2,	0,	0,	37),
(159,	69,	39,	1,	0,	0,	55),
(160,	69,	36,	0.3,	0,	0,	80),
(161,	69,	78,	1,	0,	0,	63),
(162,	69,	126,	1,	0,	0,	60),
(163,	69,	190,	0.4,	0,	0,	420),
(164,	70,	164,	1.3,	0,	0,	43),
(165,	70,	154,	0.7,	0,	0,	62),
(166,	70,	101,	2,	0,	0,	8),
(167,	70,	96,	0.5,	0,	0,	5),
(168,	70,	90,	0.6,	0,	0,	12),
(169,	70,	21,	0.7,	0,	0,	40),
(170,	70,	209,	0.8,	0,	0,	80),
(171,	70,	173,	3,	0,	0,	32),
(172,	70,	167,	0.4,	0,	0,	85),
(173,	70,	129,	0.5,	0,	0,	110),
(174,	70,	61,	0.5,	0,	0,	30),
(175,	70,	74,	0.2,	0,	0,	895),
(176,	70,	77,	0.2,	0,	0,	155),
(177,	70,	221,	0.6,	0,	0,	60),
(178,	70,	212,	1.5,	0,	0,	40),
(179,	70,	168,	0.7,	0,	0,	55),
(180,	70,	157,	1,	0,	0,	50),
(181,	70,	125,	1,	0,	0,	60),
(182,	70,	123,	0.6,	0,	0,	48),
(183,	70,	39,	1,	0,	0,	55),
(184,	70,	15,	1,	0,	0,	25.5),
(185,	70,	87,	0.5,	0,	0,	165),
(186,	70,	63,	0.5,	0,	0,	121),
(187,	70,	40,	6,	0,	0,	28),
(188,	71,	125,	0.2,	0,	0,	60),
(189,	71,	123,	0.3,	0,	0,	48),
(190,	71,	104,	0.5,	0,	0,	90),
(191,	71,	73,	0.2,	0,	0,	240),
(192,	71,	39,	0.5,	0,	0,	55),
(193,	71,	16,	1,	0,	0,	42),
(194,	71,	15,	1,	0,	0,	25.5),
(195,	71,	152,	1,	0,	0,	35),
(196,	71,	147,	1,	0,	0,	13),
(197,	71,	140,	1,	0,	0,	14),
(198,	71,	64,	1,	0,	0,	95),
(199,	71,	168,	0.2,	0,	0,	55),
(200,	71,	211,	1,	0,	0,	42),
(201,	72,	211,	1,	0,	0,	42),
(202,	72,	168,	0.2,	0,	0,	55),
(203,	72,	157,	1,	0,	0,	50),
(204,	72,	125,	0.2,	0,	0,	60),
(205,	72,	123,	0.5,	0,	0,	48),
(206,	72,	78,	1,	0,	0,	63),
(207,	72,	73,	0.2,	0,	0,	240),
(208,	72,	39,	0.5,	0,	0,	55),
(209,	72,	15,	1,	0,	0,	25.5),
(210,	72,	16,	1,	0,	0,	42),
(211,	72,	163,	1,	0,	0,	32.4),
(212,	72,	152,	0.5,	0,	0,	35),
(213,	72,	153,	0.5,	0,	0,	58),
(214,	72,	147,	0.5,	0,	0,	13),
(215,	72,	140,	1,	0,	0,	14),
(216,	72,	99,	1,	0,	0,	30),
(217,	72,	64,	1,	0,	0,	95),
(218,	72,	62,	1,	0,	0,	23),
(219,	73,	165,	1,	0,	0,	37),
(220,	73,	147,	1,	0,	0,	13),
(221,	73,	140,	1,	0,	0,	7.5),
(222,	73,	97,	1,	0,	0,	17),
(223,	73,	96,	1,	0,	0,	5),
(224,	73,	175,	1,	0,	0,	55),
(225,	73,	174,	1,	0,	0,	35),
(226,	73,	159,	1,	0,	0,	8),
(227,	73,	115,	1,	0,	0,	8),
(228,	73,	25,	1,	0,	0,	60),
(229,	73,	223,	1,	10,	5,	105),
(230,	73,	41,	1,	0,	0,	37),
(231,	73,	15,	1,	0,	0,	25.5),
(232,	73,	77,	1,	0,	0,	155),
(233,	74,	130,	1.5,	0,	0,	62),
(234,	74,	123,	0.4,	0,	0,	48),
(235,	74,	78,	1,	0,	0,	63),
(236,	74,	69,	1.5,	0,	0,	80),
(237,	74,	15,	1,	0,	0,	25.5),
(238,	74,	164,	1,	0,	0,	43),
(239,	74,	147,	1,	0,	0,	13),
(240,	74,	140,	1,	0,	0,	7.5),
(272,	78,	77,	1.6,	0,	0,	155),
(273,	78,	226,	3,	0,	0,	38),
(274,	78,	225,	1,	0,	0,	42),
(275,	78,	224,	1,	0,	0,	22),
(276,	78,	197,	0.9,	0,	0,	15),
(277,	78,	100,	1,	0,	0,	7),
(278,	78,	57,	1,	0,	0,	66),
(279,	78,	55,	1,	0,	0,	80),
(288,	80,	55,	0.7,	0,	0,	80),
(290,	80,	100,	1,	0,	0,	7),
(293,	80,	225,	1,	0,	0,	42),
(295,	80,	77,	1.6,	0,	0,	155),
(296,	81,	130,	1,	0,	0,	62),
(297,	81,	69,	1,	0,	0,	70),
(298,	81,	15,	2,	0,	0,	25.5),
(299,	81,	225,	1,	0,	0,	42),
(301,	81,	222,	2,	0,	0,	10),
(302,	81,	164,	1,	0,	0,	43),
(303,	81,	67,	1,	0,	0,	5.75),
(304,	81,	187,	0.5,	0,	0,	78),
(305,	81,	105,	0.3,	0,	0,	152),
(306,	81,	103,	0.3,	0,	0,	292),
(307,	81,	25,	1,	0,	0,	60),
(322,	83,	213,	1.5,	0,	0,	315),
(323,	84,	133,	1,	0,	0,	39),
(324,	84,	131,	1,	0,	0,	60),
(325,	84,	113,	1,	0,	0,	65),
(326,	84,	69,	1,	0,	0,	70),
(327,	84,	41,	1,	0,	0,	50),
(328,	84,	164,	1.5,	0,	0,	43),
(329,	84,	153,	1.5,	0,	0,	38),
(330,	84,	147,	1,	0,	0,	13),
(331,	85,	203,	0.2,	0,	0,	75),
(332,	85,	101,	1.5,	0,	0,	8),
(333,	85,	140,	0.3,	0,	0,	7.5),
(334,	85,	94,	0.5,	0,	0,	35),
(335,	85,	90,	0.5,	0,	0,	12),
(336,	85,	62,	1,	0,	0,	23),
(337,	85,	209,	1,	0,	0,	65),
(338,	85,	167,	0.5,	0,	0,	85),
(339,	85,	139,	1,	0,	0,	65),
(340,	85,	115,	2,	0,	0,	8),
(341,	85,	61,	1,	0,	0,	30),
(342,	85,	211,	1.5,	0,	0,	42),
(343,	85,	160,	1,	0,	0,	110),
(344,	85,	131,	2,	0,	0,	60),
(345,	85,	127,	1,	0,	0,	180),
(346,	85,	123,	0.6,	0,	0,	37),
(347,	85,	113,	1,	0,	0,	65),
(348,	85,	104,	1,	0,	0,	55),
(349,	85,	73,	0.5,	0,	0,	240),
(350,	85,	41,	2,	0,	0,	50),
(351,	86,	133,	1,	0,	0,	36),
(352,	86,	132,	1,	0,	0,	42),
(353,	86,	123,	0.4,	0,	0,	37),
(354,	86,	112,	1,	0,	0,	55),
(355,	86,	225,	1,	0,	0,	42),
(356,	86,	224,	1,	0,	0,	22),
(357,	86,	195,	1,	0,	0,	6),
(358,	86,	166,	1,	0,	0,	55),
(359,	86,	147,	1,	0,	0,	42),
(360,	86,	100,	2,	0,	0,	7.8),
(361,	86,	25,	0.4,	0,	0,	85),
(362,	86,	246,	1,	0,	0,	11),
(378,	88,	133,	1,	0,	0,	36),
(379,	88,	132,	1,	0,	0,	42),
(380,	88,	113,	1,	0,	0,	60),
(381,	88,	78,	1,	0,	0,	45),
(382,	88,	148,	1,	0,	0,	45),
(383,	88,	166,	1,	0,	0,	55),
(384,	88,	100,	2,	0,	0,	7.8),
(385,	88,	97,	1,	0,	0,	12),
(386,	88,	209,	0.2,	0,	0,	100),
(387,	88,	115,	1,	0,	0,	8),
(388,	88,	72,	0.3,	0,	0,	165),
(389,	88,	131,	1,	0,	0,	55),
(404,	90,	225,	1,	0,	0,	42),
(405,	90,	166,	1,	0,	0,	55),
(406,	90,	147,	1,	0,	0,	42),
(407,	90,	100,	3,	0,	0,	7.8),
(408,	90,	133,	1,	0,	0,	36),
(409,	90,	132,	1,	0,	0,	42),
(410,	90,	131,	1,	0,	0,	55),
(411,	90,	123,	0.4,	0,	0,	37),
(412,	90,	112,	2,	0,	0,	55),
(413,	90,	78,	1,	0,	0,	45),
(414,	91,	239,	4,	0,	0,	18),
(415,	91,	206,	2,	0,	0,	32),
(416,	91,	15,	1,	0,	0,	25.5),
(417,	92,	148,	1,	0,	0,	45),
(418,	92,	133,	1,	0,	0,	36),
(419,	92,	132,	1,	0,	0,	42),
(420,	92,	131,	1,	0,	0,	55),
(421,	92,	112,	1,	0,	0,	55),
(422,	92,	196,	1,	0,	0,	15),
(423,	92,	166,	1,	0,	0,	55),
(426,	95,	15,	1,	0,	0,	28.5),
(427,	95,	41,	1,	0,	0,	50),
(428,	95,	77,	1,	0,	0,	145),
(429,	95,	97,	1,	0,	0,	12),
(430,	95,	147,	1,	0,	0,	42),
(431,	95,	159,	1,	0,	0,	8);

DROP TABLE IF EXISTS `001_carts`;
CREATE TABLE `001_carts` (
  `id` int NOT NULL AUTO_INCREMENT,
  `hash` varchar(255) CHARACTER SET utf8 COLLATE utf8_general_ci NOT NULL,
  `user_id` int DEFAULT NULL,
  `name` varchar(255) CHARACTER SET utf8 COLLATE utf8_general_ci NOT NULL,
  `phone` varchar(255) CHARACTER SET utf8 COLLATE utf8_general_ci NOT NULL,
  `address` varchar(255) CHARACTER SET utf8 COLLATE utf8_general_ci DEFAULT NULL,
  `message` text CHARACTER SET utf8 COLLATE utf8_general_ci,
  `count` int DEFAULT NULL,
  `price` float DEFAULT NULL,
  `discount` float DEFAULT '0',
  `created_at` timestamp NOT NULL DEFAULT CURRENT_TIMESTAMP,
  PRIMARY KEY (`id`),
  UNIQUE KEY `orders_id_uindex` (`id`)
) ENGINE=InnoDB DEFAULT CHARSET=utf8;

INSERT INTO `001_carts` (`id`, `hash`, `user_id`, `name`, `phone`, `address`, `message`, `count`, `price`, `discount`, `created_at`) VALUES
(52,	'7db587f0d70f',	0,	'Луцяк Дарья',	'0997277347',	'Московской Олимпиады, 3-К',	'Оплата на карту ',	0,	0,	0,	'2020-12-21 23:41:46'),
(53,	'ce187cb5e5de',	0,	'Ніна',	'0956805244',	'28 червня,14',	'',	0,	0,	0,	'2020-07-09 16:27:19'),
(57,	'33875ffd05a3',	16,	'Аліна',	'0955888287',	'Сторожинецька 124а',	'',	0,	0,	0,	'2020-07-14 21:01:42'),
(58,	'12eff5017de3',	16,	'Аліна',	'0955888287',	'Сторожинецька 124а',	'',	0,	0,	0,	'2020-07-14 21:05:56'),
(59,	'8f757b0813c1',	0,	'Ніна',	'0956805244',	'28 червня 14/1',	'',	0,	0,	0,	'2020-07-20 21:27:33'),
(60,	'35454a11e000',	0,	'Луцяк Дарья',	'0997277347',	'Московской Олимпиады, 3-К',	'Доставьте пожалуйста 21.07 до 12:00',	0,	0,	0,	'2020-07-20 21:53:31'),
(61,	'cb0c9ce2b4c0',	0,	'Марина ',	'0990022005',	'Мальованка,провулок Січових стрільців,9',	'',	0,	0,	0,	'2020-07-21 00:23:53'),
(62,	'032a764340a6',	0,	'Ольга',	'0955780921',	'Зелена 3',	'',	0,	0,	0,	'2020-07-22 13:21:34'),
(64,	'79b9f5987873',	15,	'Вадим',	'0950612830',	'Проспект 96а',	'ОЗЗІ, закупівельнику особисте',	0,	0,	80,	'2020-07-30 14:34:28'),
(65,	'156aa7157fb0',	15,	'Евгения',	'0932271729',	'Проспект Незалежности 96а',	'ОЗЗІ, ОСОБИСТЕ ЗАКУПІВЕЛЬНИКУ',	0,	0,	0,	'2020-07-30 17:29:30'),
(66,	'a7f6e3640447',	15,	'Вадим',	'0950612830',	'Проспект Незалежности 96а',	'ТРИ великих смачних кавуна для Баранника Олександра, на ОЗЗІ ПРОСПЕКТ\r\nНа 07.08.20 )))',	0,	0,	0,	'2020-08-06 18:38:34'),
(67,	'e10a484db6c5',	0,	'Луцяк Дарья',	'0997277347',	'Московской Олимпиады, 3-К',	'Привести до 14:00',	0,	0,	0,	'2020-08-07 21:35:16'),
(68,	'852820410145',	0,	'Марина',	'0990022005',	'Мальованка.',	'',	0,	0,	0,	'2020-08-09 11:19:04'),
(69,	'45bb742b29c1',	0,	'Марина',	'0990022005',	'Мальованка,провулок Січових Стрільців,9',	'',	0,	0,	0,	'2020-08-17 01:14:20'),
(70,	'a8390b7f30bf',	0,	'Луцяк Дарья',	'0997277347',	'Московской Олимпиады, 3-К',	'',	0,	0,	0,	'2020-08-23 17:26:22'),
(71,	'bab2e7ae38bb',	0,	'Марина',	'0990022005',	'Мальованка(Провулок Січових Стрільців,9)',	'',	0,	0,	0,	'2020-09-01 14:10:28'),
(72,	'3b45c0419f20',	0,	'Марина',	'0990022005',	'Мальованка (провулок Січових Стрільців,9)',	'Якщо є нектарин,то замість персика хай буле він.\r\nІ можливо є ожина (200-300гр.)',	0,	0,	0,	'2020-09-06 22:05:23'),
(73,	'826649c3a102',	8,	'Василь Сергійович',	'0668132356',	'Кутозова буд. 4, підїзд 10, кв. 90',	'',	0,	0,	15.25,	'2020-10-08 22:46:06'),
(74,	'f3a040a14cb7',	0,	'Ніна',	'0956805244',	'28 червня,14/1',	'',	0,	0,	0,	'2020-11-02 08:58:42'),
(78,	'dc5aad08c312',	19,	'Дмитро Ткачук',	'0976865464',	'Альпійська 31',	'',	0,	0,	0,	'2020-11-11 10:17:31'),
(80,	'd6ab9678e60b',	19,	'Дмитро Ткачук',	'0976865464',	'Альпійська 31',	'',	0,	0,	0,	'2020-11-11 11:25:38'),
(81,	'04c0f8241a11',	0,	'Ніна',	'0956805244',	'28 червня 14/1',	'',	0,	0,	0,	'2020-11-12 17:42:06'),
(83,	'41fd6ad2c653',	0,	'jui',	'0955386942',	'uuoigu',	'',	0,	0,	0,	'2020-11-14 11:19:28'),
(84,	'689edf4ddf35',	0,	'Ніна',	'0956805244',	'28 червня,14/1',	'',	0,	0,	0,	'2020-11-21 22:11:30'),
(85,	'368160b3f317',	0,	'Луцяк Дарья',	'0997277347',	'Московської Олімпіади, 3-К',	'',	0,	0,	0,	'2020-11-24 00:21:22'),
(86,	'4cc977df82d5',	0,	'Ніна',	'0956805244',	'28червня14/1',	'',	0,	0,	0,	'2020-11-30 19:02:13'),
(88,	'95217e42066d',	0,	'Ніна',	'0956805244',	'28червня,14/1',	'',	0,	0,	0,	'2020-12-08 15:36:42'),
(90,	'201c2222ff71',	0,	'Ніна',	'0956805244',	'28червнЯ 14/1',	'',	0,	0,	0,	'2020-12-14 22:12:04'),
(91,	'ce69a10c577b',	18,	'Дмитро',	'0635631780',	'Герцена 43А',	'',	0,	0,	0,	'2020-12-17 00:52:19'),
(92,	'ea3c0d15ed9a',	0,	'Ніна',	'0956805244',	'28 червня 14/1',	'На понеділок',	0,	0,	0,	'2020-12-19 23:14:30'),
(95,	'3aab398c5be2',	8,	'Василь Сергійович',	'0668132356',	'Кутозова буд. 4, підїзд 10, кв. 90',	'Відсутнє',	6,	285.5,	0,	'2021-01-23 14:27:01');

DROP TABLE IF EXISTS `001_categories`;
CREATE TABLE `001_categories` (
  `id` int NOT NULL AUTO_INCREMENT,
  `visible` int NOT NULL DEFAULT '1',
  PRIMARY KEY (`id`)
) ENGINE=InnoDB DEFAULT CHARSET=utf8;

INSERT INTO `001_categories` (`id`, `visible`) VALUES
(1,	1),
(2,	1),
(3,	1),
(4,	1),
(5,	1),
(6,	1),
(7,	1),
(13,	0);

DROP TABLE IF EXISTS `001_category_en_details`;
CREATE TABLE `001_category_en_details` (
  `id` int NOT NULL AUTO_INCREMENT,
  `cat_id` int NOT NULL,
  `title` varchar(255) CHARACTER SET utf8 COLLATE utf8_general_ci NOT NULL,
  `slug` varchar(255) CHARACTER SET utf8 COLLATE utf8_general_ci NOT NULL,
  PRIMARY KEY (`id`),
  KEY `category_id` (`cat_id`),
  CONSTRAINT `001_category_en_details_ibfk_1` FOREIGN KEY (`cat_id`) REFERENCES `001_categories` (`id`) ON DELETE CASCADE
) ENGINE=InnoDB DEFAULT CHARSET=utf8;

INSERT INTO `001_category_en_details` (`id`, `cat_id`, `title`, `slug`) VALUES
(1,	1,	'Other',	'other'),
(2,	2,	'Fruit',	'fruit'),
(3,	3,	'Vegetables',	'vegetables'),
(4,	4,	'Grocery',	'grocery'),
(5,	5,	'Greens',	'greens'),
(6,	6,	'Dried Fruit',	'dried-fruit'),
(7,	7,	'Nuts',	'nuts'),
(13,	13,	'8caf54522b4a',	'8caf54522b4a');

DROP TABLE IF EXISTS `001_category_ua_details`;
CREATE TABLE `001_category_ua_details` (
  `id` int NOT NULL AUTO_INCREMENT,
  `cat_id` int NOT NULL,
  `title` varchar(255) CHARACTER SET utf8 COLLATE utf8_general_ci NOT NULL,
  `slug` varchar(255) CHARACTER SET utf8 COLLATE utf8_general_ci NOT NULL,
  PRIMARY KEY (`id`),
  KEY `category_id` (`cat_id`),
  CONSTRAINT `001_category_ua_details_ibfk_1` FOREIGN KEY (`cat_id`) REFERENCES `001_categories` (`id`) ON DELETE CASCADE
) ENGINE=InnoDB DEFAULT CHARSET=utf8;

INSERT INTO `001_category_ua_details` (`id`, `cat_id`, `title`, `slug`) VALUES
(1,	1,	'Інше',	'inshe'),
(2,	2,	'Фрукти',	'frukti'),
(3,	3,	'Овочі',	'ovochi'),
(4,	4,	'Бакалія',	'bakaliya'),
(5,	5,	'Зелень',	'zelen'),
(6,	6,	'Сухофрукти',	'suhofrukti'),
(7,	7,	'Горіхи',	'gorihi'),
(13,	13,	'8caf54522b4a',	'8caf54522b4a');

DROP TABLE IF EXISTS `001_discounts`;
CREATE TABLE `001_discounts` (
  `id` int NOT NULL AUTO_INCREMENT,
  `user_id` int NOT NULL,
  `product_id` int NOT NULL,
  `currency` float NOT NULL DEFAULT '0',
  `percent` float NOT NULL DEFAULT '0',
  PRIMARY KEY (`id`),
  UNIQUE KEY `discounts_id_uindex` (`id`)
) ENGINE=InnoDB DEFAULT CHARSET=utf8;


DROP TABLE IF EXISTS `001_product_en_details`;
CREATE TABLE `001_product_en_details` (
  `id` int NOT NULL AUTO_INCREMENT,
  `prod_id` int NOT NULL,
  `title` varchar(255) CHARACTER SET utf8 COLLATE utf8_general_ci NOT NULL,
  `slug` varchar(255) CHARACTER SET utf8 COLLATE utf8_general_ci NOT NULL,
  `img` varchar(255) CHARACTER SET utf8 COLLATE utf8_general_ci NOT NULL,
  `desc` text CHARACTER SET utf8 COLLATE utf8_general_ci NOT NULL,
  `char` text CHARACTER SET utf8 COLLATE utf8_general_ci NOT NULL,
  `unit` varchar(255) DEFAULT NULL,
  PRIMARY KEY (`prod_id`),
  UNIQUE KEY `product_id_uindex` (`prod_id`),
  UNIQUE KEY `id` (`id`)
) ENGINE=MyISAM DEFAULT CHARSET=utf8;

INSERT INTO `001_product_en_details` (`id`, `prod_id`, `title`, `slug`, `img`, `desc`, `char`, `unit`) VALUES
(247,	15,	'Banana',	'banana',	'banana.jpg',	'',	'',	'kg'),
(248,	16,	'Apple Golden',	'apple-golden',	'apple-golden.jpg',	'',	'',	'kg'),
(249,	18,	'Cucumber Gherkin',	'cucumber-gherkin',	'cucumber-gherkin.jpg',	'',	'',	'kg'),
(250,	19,	'Carrot Young',	'carrot-young',	'carrot-young.jpg',	'',	'',	'kg'),
(251,	20,	'Potato Young 1',	'potato-young-1',	'potato-young-1.jpg',	'',	'',	'kg'),
(252,	21,	'Mushroom Champignon',	'mushroom-champignon',	'mushroom-champignon.jpg',	'',	'',	'kg'),
(253,	24,	'Parsley Weighted',	'parsley-weighted',	'parsley-weighted.jpg',	'',	'',	'kg'),
(254,	25,	'Onion Green Feather',	'onion-green-feather',	'onion-green-feather.jpg',	'',	'',	'kg'),
(255,	26,	'Salad Bunch',	'salad-bunch',	'salad-bunch.jpg',	'',	'',	'pcs'),
(256,	28,	'Grapefruit Turkey',	'grapefruit-turkey',	'grapefruit-turkey.jpg',	'',	'',	'kg'),
(257,	30,	'Radish Red',	'radish-red',	'radish-red.jpg',	'',	'',	'kg'),
(258,	32,	'Tomato Cream',	'tomato-cream',	'tomato-cream.jpg',	'',	'',	'kg'),
(259,	36,	'Sorrel',	'sorrel',	'sorrel.jpg',	'',	'',	'kg'),
(260,	37,	'Banana Dried',	'banana-dried',	'banana-dried.jpg',	'',	'',	'pcs'),
(261,	38,	'Nuts and Fruits Mixture',	'nuts-and-fruits-mixture',	'nuts-and-fruits-mixture.jpg',	'',	'',	'kg'),
(262,	39,	'Apricot Pineapple',	'apricot-pineapple',	'apricot-pineapple.jpg',	'',	'',	'kg'),
(263,	40,	'Avocado',	'avocado',	'avocado.jpg',	'',	'',	'pcs'),
(264,	41,	'Avocado Haas',	'avocado-haas',	'avocado-haas.jpg',	'',	'',	'pcs'),
(265,	42,	'Quince 1',	'quince-1',	'quince-1.jpg',	'',	'',	'kg'),
(266,	43,	'Amaranth',	'amaranth',	'amaranth.jpg',	'',	'',	'kg'),
(267,	44,	'Pineapple Caliber 10',	'pineapple-caliber-10',	'pineapple-caliber-10.jpg',	'',	'',	'pcs'),
(268,	45,	'Pineapple Caliber 6',	'pineapple-caliber-6',	'pineapple-caliber-6.jpg',	'',	'',	'pcs'),
(269,	46,	'Pineapple Ring',	'pineapple-ring',	'pineapple-ring.jpg',	'',	'',	'kg'),
(270,	47,	'Pineapple Royal',	'pineapple-royal',	'pineapple-royal.jpg',	'',	'',	'pcs'),
(271,	48,	'Orange',	'orange',	'orange.jpg',	'',	'',	'kg'),
(272,	49,	'Orange Pomegranate',	'orange-pomegranate',	'orange-pomegranate.jpg',	'',	'',	'kg'),
(273,	50,	'Orange Spain',	'orange-spain',	'orange-spain.jpg',	'',	'',	'kg'),
(274,	51,	'Orange Sicily',	'orange-sicily',	'orange-sicily.jpg',	'',	'',	'kg'),
(275,	52,	'Orange Mesh',	'orange-mesh',	'orange-mesh.jpg',	'',	'',	'kg'),
(276,	53,	'Peanut Blanche',	'peanut-blanche',	'peanut-blanche.jpg',	'',	'',	'kg'),
(277,	54,	'Peanut in Icing',	'peanut-in-icing',	'peanut-in-icing.jpg',	'',	'',	'kg'),
(278,	55,	'Peanut in Shell',	'peanut-in-shell',	'peanut-in-shell.jpg',	'',	'',	'kg'),
(279,	56,	'Peanut Raw Java',	'peanut-raw-java',	'peanut-raw-java.jpg',	'',	'',	'kg'),
(280,	57,	'Peanut Roasted Java',	'peanut-roasted-java',	'peanut-roasted-java.jpg',	'',	'',	'kg'),
(281,	58,	'Peanut Salted',	'peanut-salted',	'peanut-salted.jpg',	'',	'',	'kg'),
(282,	59,	'Nut Assorted',	'nut-assorted',	'nut-assorted.jpg',	'',	'',	'kg'),
(283,	60,	'Star Anise',	'star-anise',	'star-anise.jpg',	'',	'',	'kg'),
(284,	61,	'Basil',	'basil',	'basil.jpg',	'',	'',	'pcs'),
(285,	62,	'Eggplant Import',	'eggplant-import',	'eggplant-import.jpg',	'',	'',	'kg'),
(286,	63,	'Banana Chips',	'banana-chips',	'banana-chips.jpg',	'',	'',	'kg'),
(287,	64,	'Batata 1',	'batata-1',	'batata-1.jpg',	'',	'',	'kg'),
(288,	66,	'Beet Young',	'beet-young',	'beet-young.jpg',	'',	'',	'kg'),
(289,	67,	'Beet Old',	'beet-old',	'beet-old.jpg',	'',	'',	'kg'),
(290,	68,	'Grape White',	'grape-white',	'grape-white.jpg',	'',	'',	'kg'),
(291,	69,	'Grape Kish-Mish',	'grape-kish-mish',	'grape-kish-mish.jpg',	'',	'',	'kg'),
(292,	70,	'Grape Pink',	'grape-pink',	'grape-pink.jpg',	'',	'',	'kg'),
(293,	71,	'Grape Dark',	'grape-dark',	'grape-dark.jpg',	'',	'',	'kg'),
(294,	72,	'Cherry Dried',	'cherry-dried',	'cherry-dried.jpg',	'',	'',	'kg'),
(295,	73,	'Blueberry',	'blueberry',	'blueberry.jpg',	'',	'',	'pcs'),
(296,	74,	'Pine Nut',	'pine-nut',	'pine-nut.jpg',	'',	'',	'kg'),
(297,	75,	'Garnet',	'garnet',	'garnet.jpg',	'',	'',	'kg'),
(298,	76,	'Grapefruit',	'grapefruit',	'grapefruit.jpg',	'',	'',	'kg'),
(299,	77,	'Walnut',	'walnut',	'walnut.jpg',	'',	'',	'kg'),
(300,	78,	'Pear',	'pear',	'pear.jpg',	'',	'',	'kg'),
(301,	80,	'Melon',	'melon',	'melon.jpg',	'',	'',	'kg'),
(302,	81,	'Melon Dried',	'melon-dried',	'melon-dried.jpg',	'',	'',	'kg'),
(303,	82,	'Cranberry',	'cranberry',	'cranberry.jpg',	'',	'',	'kg'),
(304,	83,	'Raisin Golden',	'raisin-golden',	'raisin-golden.jpg',	'',	'',	'kg'),
(305,	84,	'Raisin Blue',	'raisin-blue',	'raisin-blue.jpg',	'',	'',	'kg'),
(306,	85,	'Raisin Dark',	'raisin-dark',	'raisin-dark.jpg',	'',	'',	'kg'),
(307,	86,	'Ginger',	'ginger',	'ginger.jpg',	'',	'',	'kg'),
(308,	87,	'Ginger Candied',	'ginger-candied',	'ginger-candied.jpg',	'',	'',	'kg'),
(309,	88,	'Fig',	'fig',	'fig.jpg',	'',	'',	'pcs'),
(310,	89,	'Fig Dried',	'fig-dried',	'fig-dried.jpg',	'',	'',	'kg'),
(311,	90,	'Zucchini',	'zucchini',	'zucchini.jpg',	'',	'',	'kg'),
(312,	91,	'Watermelon',	'watermelon',	'watermelon.jpg',	'',	'',	'kg'),
(313,	92,	'Cabbage Import',	'cabbage-import',	'cabbage-import.jpg',	'',	'',	'kg'),
(314,	93,	'Cabbage White',	'cabbage-white',	'cabbage-white.jpg',	'',	'',	'kg'),
(315,	94,	'Broccoli',	'broccoli',	'broccoli.jpg',	'',	'',	'kg'),
(316,	95,	'Sauerkraut 1',	'sauerkraut-1',	'sauerkraut-1.jpg',	'',	'',	'kg'),
(317,	96,	'Cabbage Young',	'cabbage-young',	'cabbage-young.jpg',	'',	'',	'kg'),
(318,	97,	'Cabbage Chinese',	'cabbage-chinese',	'cabbage-chinese.jpg',	'',	'',	'kg'),
(319,	98,	'Cabbage Blue',	'cabbage-blue',	'cabbage-blue.jpg',	'',	'',	'kg'),
(320,	99,	'Cauliflower',	'cauliflower',	'cauliflower.jpg',	'',	'',	'kg'),
(321,	100,	'Potato',	'potato',	'potato.jpg',	'',	'',	'kg'),
(322,	101,	'Potato Young 2',	'potato-young-2',	'potato-young-2.jpg',	'',	'',	'kg'),
(323,	102,	'Bean',	'bean',	'bean.jpg',	'',	'',	'kg'),
(324,	103,	'Cashew',	'cashew',	'cashew.jpg',	'',	'',	'kg'),
(325,	104,	'Kiwi',	'kiwi',	'kiwi.jpg',	'',	'',	'kg'),
(326,	105,	'Kiwi Candied',	'kiwi-candied',	'kiwi-candied.jpg',	'',	'',	'kg'),
(327,	106,	'Cilantro',	'cilantro',	'cilantro.jpg',	'',	'',	'pcs'),
(328,	107,	'Gozinaki',	'gozinaki',	'gozinaki.jpg',	'',	'',	'kg'),
(329,	108,	'Coconut',	'coconut',	'coconut.jpg',	'',	'',	'pcs'),
(330,	109,	'Сoconut Grated',	'soconut-grated',	'soconut-grated.jpg',	'',	'',	'kg'),
(331,	110,	'Cinnamon Stick',	'cinnamon-stick',	'cinnamon-stick.jpg',	'',	'',	'kg'),
(332,	111,	'Celery Root',	'celery-root',	'celery-root.jpg',	'',	'',	'kg'),
(333,	112,	'Sharon Fruit',	'sharon-fruit',	'sharon-fruit.jpg',	'',	'',	'kg'),
(334,	113,	'Sharon Fruit Spain',	'sharon-fruit-spain',	'sharon-fruit-spain.jpg',	'',	'',	'kg'),
(335,	114,	'Dill Weighted',	'dill-weighted',	'dill-weighted.jpg',	'',	'',	'kg'),
(336,	115,	'Dill Bunch',	'dill-bunch',	'dill-bunch.jpg',	'',	'',	'pcs'),
(337,	116,	'Corn Flavored',	'corn-flavored',	'corn-flavored.jpg',	'',	'',	'kg'),
(338,	117,	'Kumquat',	'kumquat',	'kumquat.jpg',	'',	'',	'kg'),
(339,	118,	'Sesame',	'sesame',	'sesame.jpg',	'',	'',	'kg'),
(340,	119,	'Apricot Dried 1 Grade',	'apricot-dried-1-grade',	'apricot-dried-1-grade.jpg',	'',	'',	'kg'),
(341,	120,	'Apricot Dried Jumbo',	'apricot-dried-jumbo',	'apricot-dried-jumbo.jpg',	'',	'',	'kg'),
(342,	121,	'Apricot Dried Heart',	'apricot-dried-heart',	'apricot-dried-heart.jpg',	'',	'',	'kg'),
(343,	122,	'Lime',	'lime',	'lime.jpg',	'',	'',	'kg'),
(344,	123,	'Lemon',	'lemon',	'lemon.jpg',	'',	'',	'kg'),
(345,	124,	'Poppy',	'poppy',	'poppy.jpg',	'',	'',	'kg'),
(346,	125,	'Raspberry',	'raspberry',	'raspberry.jpg',	'',	'',	'kg'),
(347,	126,	'Mango',	'mango',	'mango.jpg',	'',	'',	'pcs'),
(348,	127,	'Mango Royal',	'mango-royal',	'mango-royal.jpg',	'',	'',	'pcs'),
(349,	128,	'Mango Candied',	'mango-candied',	'mango-candied.jpg',	'',	'',	'kg'),
(350,	130,	'Mandarin Elite',	'mandarin-elite',	'mandarin-elite.jpg',	'',	'',	'kg'),
(351,	131,	'Mandarin Spain',	'mandarin-spain',	'mandarin-spain.jpg',	'',	'',	'kg'),
(352,	132,	'Mandarin Italy',	'mandarin-italy',	'mandarin-italy.jpg',	'',	'',	'kg'),
(353,	133,	'Mandarin Turkey',	'mandarin-turkey',	'mandarin-turkey.jpg',	'',	'',	'kg'),
(354,	134,	'Almond Golden',	'almond-golden',	'almond-golden.jpg',	'',	'',	'kg'),
(355,	135,	'Microgreen Pea',	'microgreen-pea',	'microgreen-pea.jpg',	'',	'',	'pcs'),
(356,	136,	'Microgreen Lucerne',	'microgreen-lucerne',	'microgreen-lucerne.jpg',	'',	'',	'pcs'),
(357,	137,	'Microgreen Pumpkin',	'microgreen-pumpkin',	'microgreen-pumpkin.jpg',	'',	'',	'pcs'),
(358,	138,	'Microgreen Radish',	'microgreen-radish',	'microgreen-radish.jpg',	'',	'',	'pcs'),
(359,	139,	'Microgreen Onion',	'microgreen-onion',	'microgreen-onion.jpg',	'',	'',	'pcs'),
(360,	140,	'Carrot Abaco',	'carrot-abaco',	'carrot-abaco.jpg',	'',	'',	'kg'),
(361,	141,	'Mint',	'mint',	'mint.jpg',	'',	'',	'kg'),
(362,	142,	'Pumpkin Seed',	'pumpkin-seed',	'pumpkin-seed.jpg',	'',	'',	'kg'),
(363,	143,	'Chia Seed',	'chia-seed',	'chia-seed.jpg',	'',	'',	'kg'),
(364,	144,	'Chickpeas',	'chickpeas',	'chickpeas.jpg',	'',	'',	'kg'),
(365,	146,	'Cucumber Pickled 1',	'cucumber-pickled-1',	'cucumber-pickled-1.jpg',	'',	'',	'kg'),
(366,	147,	'Cucumber Prickly',	'cucumber-prickly',	'cucumber-prickly.jpg',	'',	'',	'kg'),
(367,	148,	'Pomelo',	'pomelo',	'pomelo.jpg',	'',	'',	'kg'),
(368,	149,	'Papaya',	'papaya',	'papaya.jpg',	'',	'',	'kg'),
(369,	150,	'Paprika Ground',	'paprika-ground',	'paprika-ground.jpg',	'',	'',	'kg'),
(370,	151,	'Baklava',	'baklava',	'baklava.jpg',	'',	'',	'kg'),
(371,	152,	'Pepper White Star',	'pepper-white-star',	'pepper-white-star.jpg',	'',	'',	'kg'),
(372,	153,	'Paprika',	'paprika',	'paprika.jpg',	'',	'',	'kg'),
(373,	154,	'Pepper Bulgarian Yellow',	'pepper-bulgarian-yellow',	'pepper-bulgarian-yellow.jpg',	'',	'',	'kg'),
(374,	155,	'Pepper Cappi',	'pepper-cappi',	'pepper-cappi.jpg',	'',	'',	'kg'),
(375,	156,	'Pepper Chili',	'pepper-chili',	'pepper-chili.jpg',	'',	'',	'kg'),
(376,	157,	'Peach',	'peach',	'peach.jpg',	'',	'',	'kg'),
(377,	158,	'Parsley Curly',	'parsley-curly',	'parsley-curly.jpg',	'',	'',	'kg'),
(378,	159,	'Parsley',	'parsley',	'parsley.jpg',	'',	'',	'pcs'),
(379,	160,	'Pitahaya White',	'pitahaya-white',	'pitahaya-white.jpg',	'',	'',	'pcs'),
(380,	161,	'Pitahaya Red',	'pitahaya-red',	'pitahaya-red.jpg',	'',	'',	'kg'),
(381,	162,	'Strawberry',	'strawberry',	'strawberry.jpg',	'',	'',	'kg'),
(382,	163,	'Tomato Import',	'tomato-import',	'tomato-import.jpg',	'',	'',	'kg'),
(383,	164,	'Tomato Cocktail',	'tomato-cocktail',	'tomato-cocktail.jpg',	'',	'',	'kg'),
(384,	165,	'Pink tomato',	'pink-tomato',	'pink-tomato.jpg',	'',	'',	'kg'),
(385,	166,	'Cherry tomatoes',	'cherry-tomatoes',	'cherry-tomatoes.jpg',	'',	'',	'kg'),
(386,	167,	'Leek',	'leek',	'leek.jpg',	'',	'',	'kg'),
(387,	168,	'Currant Red',	'currant-red',	'currant-red.jpg',	'',	'',	'pcs'),
(388,	169,	'Salad Radicio',	'salad-radicio',	'salad-radicio.jpg',	'',	'',	'kg'),
(389,	170,	'Radish',	'radish',	'radish.jpg',	'',	'',	'kg'),
(390,	171,	'Rosemary',	'rosemary',	'rosemary.jpg',	'',	'',	'kg'),
(391,	172,	'Arugula',	'arugula',	'arugula.jpg',	'',	'',	'kg'),
(392,	173,	'Arugula Packed',	'arugula-packed',	'arugula-packed.jpg',	'',	'',	'pcs'),
(393,	174,	'Salad Iceberg',	'salad-iceberg',	'salad-iceberg.jpg',	'',	'',	'kg'),
(394,	175,	'Salad Bionda',	'salad-bionda',	'salad-bionda.jpg',	'',	'',	'kg'),
(395,	176,	'Salad Mix',	'salad-mix',	'salad-mix.jpg',	'',	'',	'kg'),
(396,	177,	'Salad Romain',	'salad-romain',	'salad-romain.jpg',	'',	'',	'kg'),
(397,	178,	'Salad Rosso',	'salad-rosso',	'salad-rosso.jpg',	'',	'',	'kg'),
(398,	179,	'Oroblanco',	'oroblanco',	'oroblanco.jpg',	'',	'',	'kg'),
(399,	180,	'Celery Stalk',	'celery-stalk',	'celery-stalk.jpg',	'',	'',	'kg'),
(400,	181,	'Dried Fruit Tropic Mix',	'dried-fruit-tropic-mix',	'dried-fruit-tropic-mix.jpg',	'',	'',	'kg'),
(401,	182,	'Sushka',	'sushka',	'sushka.jpg',	'',	'',	'kg'),
(402,	183,	'Sushka Uzbek',	'sushka-uzbek',	'sushka-uzbek.jpg',	'',	'',	'kg'),
(403,	184,	'Pumpkin',	'pumpkin',	'pumpkin.jpg',	'',	'',	'kg'),
(404,	185,	'Cumin',	'cumin',	'cumin.jpg',	'',	'',	'kg'),
(405,	186,	'Apricot Dried 2',	'apricot-dried-2',	'apricot-dried-2.jpg',	'',	'',	'kg'),
(406,	187,	'Date',	'date',	'date.jpg',	'',	'',	'kg'),
(407,	188,	'Date Honey 1',	'date-honey-1',	'date-honey-1.jpg',	'',	'',	'kg'),
(408,	189,	'Date Honey 2',	'date-honey-2',	'date-honey-2.jpg',	'',	'',	'pcs'),
(409,	190,	'Pistachios',	'pistachios',	'pistachios.jpg',	'',	'',	'kg'),
(410,	191,	'Salad Frieze',	'salad-frieze',	'salad-frieze.jpg',	'',	'',	'kg'),
(411,	192,	'Hazelnut',	'hazelnut',	'hazelnut.jpg',	'',	'',	'kg'),
(412,	193,	'Halva',	'halva',	'halva.jpg',	'',	'',	'kg'),
(413,	194,	'Halva Uzbek',	'halva-uzbek',	'halva-uzbek.jpg',	'',	'',	'kg'),
(414,	195,	'Onion',	'onion',	'onion.jpg',	'',	'',	'kg'),
(415,	196,	'Onion White',	'onion-white',	'onion-white.jpg',	'',	'',	'kg'),
(416,	197,	'Onion Mars',	'onion-mars',	'onion-mars.jpg',	'',	'',	'kg'),
(417,	198,	'Succade Cube Mix',	'succade-cube-mix',	'succade-cube-mix.jpg',	'',	'',	'kg'),
(418,	199,	'Succade Cube Mix Baby',	'succade-cube-mix-baby',	'succade-cube-mix-baby.jpg',	'',	'',	'kg'),
(419,	200,	'Succade Pomelo',	'succade-pomelo',	'succade-pomelo.jpg',	'',	'',	'kg'),
(420,	201,	'Succade Papaya',	'succade-papaya',	'succade-papaya.jpg',	'',	'',	'kg'),
(421,	203,	'Garlic',	'garlic',	'garlic.jpg',	'',	'',	'kg'),
(422,	204,	'Garlic Import',	'garlic-import',	'garlic-import.jpg',	'',	'',	'kg'),
(423,	205,	'Lentil',	'lentil',	'lentil.jpg',	'',	'',	'kg'),
(424,	206,	'Lentil Red',	'lentil-red',	'lentil-red.jpg',	'',	'',	'kg'),
(425,	207,	'Lentil Polished',	'lentil-polished',	'lentil-polished.jpg',	'',	'',	'kg'),
(426,	208,	'Prunes',	'prunes',	'prunes.jpg',	'',	'',	'kg'),
(427,	209,	'Spinach',	'spinach',	'spinach.jpg',	'',	'',	'kg'),
(428,	210,	'Spinach bunch',	'spinach-bunch',	'spinach-bunch.jpg',	'',	'',	'pcs'),
(429,	211,	'Apple Domestic',	'apple-domestic',	'apple-domestic.jpg',	'',	'',	'kg'),
(430,	212,	'Apple Red',	'apple-red',	'apple-red.jpg',	'',	'',	'kg'),
(431,	213,	'Berry Goji',	'berry-goji',	'berry-goji.jpg',	'',	'',	'kg'),
(432,	214,	'Sunflower Kernel',	'sunflower-kernel',	'sunflower-kernel.jpg',	'',	'',	'kg'),
(433,	221,	'Currant',	'currant',	'currant.jpg',	'',	'',	'kg'),
(434,	222,	'Corn',	'corn',	'corn.jpg',	'',	'',	'pcs'),
(435,	223,	'Bilberry',	'bilberry',	'bilberry.jpg',	'',	'',	'kg'),
(436,	224,	'Sauerkraut 2',	'sauerkraut-2',	'sauerkraut-2.jpg',	'',	'',	'kg'),
(437,	225,	'Cucumber Gherkin Pickled',	'cucumber-gherkin-pickled',	'cucumber-gherkin-pickled.jpg',	'',	'',	'kg'),
(438,	227,	'Feijoa',	'feijoa',	'feijoa.jpg',	'',	'',	'kg'),
(439,	226,	'Cucumber Pickled 2',	'cucumber-pickled-2',	'cucumber-pickled-2.jpg',	'',	'',	'kg'),
(440,	228,	'Currant Packed',	'currant-packed',	'currant-packed.jpg',	'',	'',	'pcs'),
(441,	229,	'Mushroom Oyster',	'mushroom-oyster',	'mushroom-oyster.jpg',	'',	'',	'kg'),
(442,	230,	'Thyme',	'thyme',	'thyme.jpg',	'',	'',	'kg'),
(443,	231,	'Batata 2',	'batata-2',	'batata-2.jpg',	'',	'',	'kg'),
(444,	232,	'Daikon',	'daikon',	'daikon.jpg',	'',	'',	'kg'),
(445,	233,	'Linen',	'linen',	'linen.jpg',	'',	'',	'kg'),
(446,	234,	'Almond',	'almond',	'almond.jpg',	'',	'',	'kg'),
(447,	236,	'Apricot Dried',	'apricot-dried',	'apricot-dried.jpg',	'',	'',	'kg'),
(448,	237,	'Potato Pink',	'potato-pink',	'potato-pink.jpg',	'',	'',	'kg'),
(449,	238,	'Cucumber Smooth',	'cucumber-smooth',	'cucumber-smooth.jpg',	'',	'',	'kg'),
(450,	239,	'Quince 2',	'quince-2',	'quince-2.jpg',	'',	'',	'kg'),
(451,	240,	'Grape Blue',	'grape-blue',	'grape-blue.jpg',	'',	'',	'kg'),
(452,	241,	'Banana Baby',	'banana-baby',	'banana-baby.jpg',	'',	'',	'kg'),
(453,	242,	'Peach Fig',	'peach-fig',	'peach-fig.jpg',	'',	'',	'kg'),
(454,	243,	'Seasoning in Korean',	'seasoning-in-korean',	'seasoning-in-korean.jpg',	'',	'',	'kg'),
(455,	244,	'Turmeric',	'turmeric',	'turmeric.jpg',	'',	'',	'kg'),
(456,	245,	'Persimmon',	'persimmon',	'persimmon.jpg',	'',	'',	'kg'),
(457,	246,	'Apple Green',	'apple-green',	'apple-green.jpg',	'[\"Green apples with a sweet and sour taste.\", \"Apples contain a lot of fiber, which helps with digestion and cleansing of the body. In addition, due to the pectin in apples, they normalize blood cholesterol levels. These fruits are also useful for gallbladder problems: apples are a mild cholagogue. Apples are rich in iron and vitamin C.\", \"Green apples are best for baking and roasting, as they become sweet during cooking. They also taste good in salads, especially with chicken.\"]',	'{\n\"Caloric content (per 100 g)\": \"47 kcal\",\n\"Storage conditions\": \"4-6 months\",\n\"Shelf life\": \"from 0 to +4; humidity 90 - 95%\"\n}',	'kg'),
(458,	247,	'New product dc5065467432',	'new-product-dc5065467432',	'new-product-dc5065467432.jpg',	'',	'',	'kg'),
(459,	248,	'New product 226ba9e48e5e',	'new-product-226ba9e48e5e',	'new-product-226ba9e48e5e.jpg',	'',	'',	'kg');

DROP TABLE IF EXISTS `001_product_ua_details`;
CREATE TABLE `001_product_ua_details` (
  `id` int NOT NULL AUTO_INCREMENT,
  `prod_id` int NOT NULL,
  `title` varchar(255) CHARACTER SET utf8 COLLATE utf8_general_ci NOT NULL,
  `slug` varchar(255) CHARACTER SET utf8 COLLATE utf8_general_ci NOT NULL,
  `img` varchar(255) CHARACTER SET utf8 COLLATE utf8_general_ci NOT NULL,
  `desc` text CHARACTER SET utf8 COLLATE utf8_general_ci NOT NULL,
  `char` text CHARACTER SET utf8 COLLATE utf8_general_ci NOT NULL,
  `unit` varchar(255) DEFAULT NULL,
  PRIMARY KEY (`prod_id`),
  UNIQUE KEY `product_id_uindex` (`prod_id`),
  UNIQUE KEY `id` (`id`)
) ENGINE=MyISAM DEFAULT CHARSET=utf8;

INSERT INTO `001_product_ua_details` (`id`, `prod_id`, `title`, `slug`, `img`, `desc`, `char`, `unit`) VALUES
(247,	15,	'Банан',	'banan',	'banan.jpg',	'',	'',	'кг'),
(248,	16,	'Яблуко Голден',	'yabluko-golden',	'yabluko-golden.jpg',	'',	'',	'кг'),
(249,	18,	'Огірок Корнішон',	'ogirok-kornishon',	'ogirok-kornishon.jpg',	'',	'',	'кг'),
(250,	19,	'Морква Молода',	'morkva-moloda',	'morkva-moloda.jpg',	'',	'',	'кг'),
(251,	20,	'Картопля Молода 1',	'kartoplya-moloda-1',	'kartoplya-moloda-1.jpg',	'',	'',	'кг'),
(252,	21,	'Гриб Шампіньйон',	'grib-shampinjon',	'grib-shampinjon.jpg',	'',	'',	'кг'),
(253,	24,	'Петрушка Вагова',	'petrushka-vagova',	'petrushka-vagova.jpg',	'',	'',	'кг'),
(254,	25,	'Цибуля Зелена Перо',	'cibulya-zelena-pero',	'cibulya-zelena-pero.jpg',	'',	'',	'кг'),
(255,	26,	'Салат Пучок',	'salat-puchok',	'salat-puchok.jpg',	'',	'',	'шт'),
(256,	28,	'Грейпфрут Туреччина',	'grejpfrut-turechchina',	'grejpfrut-turechchina.jpg',	'',	'',	'кг'),
(257,	30,	'Редис Червоний',	'redis-chervonij',	'redis-chervonij.jpg',	'',	'',	'кг'),
(258,	32,	'Томат Сливка',	'tomat-slivka',	'tomat-slivka.jpg',	'',	'',	'кг'),
(259,	36,	'Щавель',	'shavel',	'shavel.jpg',	'',	'',	'кг'),
(260,	37,	'Банан Вялений',	'banan-vyalenij',	'banan-vyalenij.jpg',	'',	'',	'шт'),
(261,	38,	'Суміш Горіхів з Фруктами',	'sumish-gorihiv-z-fruktami',	'sumish-gorihiv-z-fruktami.jpg',	'',	'',	'кг'),
(262,	39,	'Абрикос Ананас',	'abrikos-ananas',	'abrikos-ananas.jpg',	'',	'',	'кг'),
(263,	40,	'Авокадо',	'avokado',	'avokado.jpg',	'',	'',	'шт'),
(264,	41,	'Авокадо Хаас',	'avokado-haas',	'avokado-haas.jpg',	'',	'',	'шт'),
(265,	42,	'Айва 1',	'ajva-1',	'ajva-1.jpg',	'',	'',	'кг'),
(266,	43,	'Амарант',	'amarant',	'amarant.jpg',	'',	'',	'кг'),
(267,	44,	'Ананас Калібр 10',	'ananas-kalibr-10',	'ananas-kalibr-10.jpg',	'',	'',	'шт'),
(268,	45,	'Ананас Калібр 6',	'ananas-kalibr-6',	'ananas-kalibr-6.jpg',	'',	'',	'шт'),
(269,	46,	'Ананас Кільце',	'ananas-kilce',	'ananas-kilce.jpg',	'',	'',	'кг'),
(270,	47,	'Ананас Королівський',	'ananas-korolivskij',	'ananas-korolivskij.jpg',	'',	'',	'шт'),
(271,	48,	'Апельсин',	'apelsin',	'apelsin.jpg',	'',	'',	'кг'),
(272,	49,	'Апельсин Гранатовий',	'apelsin-granatovij',	'apelsin-granatovij.jpg',	'',	'',	'кг'),
(273,	50,	'Апельсин Іспанія',	'apelsin-ispaniya',	'apelsin-ispaniya.jpg',	'',	'',	'кг'),
(274,	51,	'Апельсин Сицилія',	'apelsin-siciliya',	'apelsin-siciliya.jpg',	'',	'',	'кг'),
(275,	52,	'Апельсин Сітка',	'apelsin-sitka',	'apelsin-sitka.jpg',	'',	'',	'кг'),
(276,	53,	'Арахіс Бланш',	'arahis-blansh',	'arahis-blansh.jpg',	'',	'',	'кг'),
(277,	54,	'Арахіс в Глазурі',	'arahis-v-glazuri',	'arahis-v-glazuri.jpg',	'',	'',	'кг'),
(278,	55,	'Арахіс в Шкаралупі',	'arahis-v-shkaralupi',	'arahis-v-shkaralupi.jpg',	'',	'',	'кг'),
(279,	56,	'Арахіс Сирий Ява',	'arahis-sirij-yava',	'arahis-sirij-yava.jpg',	'',	'',	'кг'),
(280,	57,	'Арахіс Смажений Ява',	'arahis-smazhenij-yava',	'arahis-smazhenij-yava.jpg',	'',	'',	'кг'),
(281,	58,	'Арахіс Солений',	'arahis-solenij',	'arahis-solenij.jpg',	'',	'',	'кг'),
(282,	59,	'Асорті Горіхове',	'asorti-gorihove',	'asorti-gorihove.jpg',	'',	'',	'кг'),
(283,	60,	'Бадьян',	'badyan',	'badyan.jpg',	'',	'',	'кг'),
(284,	61,	'Базилік',	'bazilik',	'bazilik.jpg',	'',	'',	'шт'),
(285,	62,	'Баклажан Імпорт',	'baklazhan-import',	'baklazhan-import.jpg',	'',	'',	'кг'),
(286,	63,	'Бананові Чіпси',	'bananovi-chipsi',	'bananovi-chipsi.jpg',	'',	'',	'кг'),
(287,	64,	'Батат 1',	'batat-1',	'batat-1.jpg',	'',	'',	'кг'),
(288,	66,	'Буряк Молодий',	'buryak-molodij',	'buryak-molodij.jpg',	'',	'',	'кг'),
(289,	67,	'Буряк Старий',	'buryak-starij',	'buryak-starij.jpg',	'',	'',	'кг'),
(290,	68,	'Виноград Білий',	'vinograd-bilij',	'vinograd-bilij.jpg',	'',	'',	'кг'),
(291,	69,	'Виноград Киш-Миш',	'vinograd-kish-mish',	'vinograd-kish-mish.jpg',	'',	'',	'кг'),
(292,	70,	'Виноград Рожевий',	'vinograd-rozhevij',	'vinograd-rozhevij.jpg',	'',	'',	'кг'),
(293,	71,	'Виноград Темний',	'vinograd-temnij',	'vinograd-temnij.jpg',	'',	'',	'кг'),
(294,	72,	'Вишня Вялена',	'vishnya-vyalena',	'vishnya-vyalena.jpg',	'',	'',	'кг'),
(295,	73,	'Лохина',	'lohina',	'lohina.jpg',	'',	'',	'шт'),
(296,	74,	'Горіх Кедровий',	'gorih-kedrovij',	'gorih-kedrovij.jpg',	'',	'',	'кг'),
(297,	75,	'Гранат',	'granat',	'granat.jpg',	'',	'',	'кг'),
(298,	76,	'Грейпфрут',	'grejpfrut',	'grejpfrut.jpg',	'',	'',	'кг'),
(299,	77,	'Грецький Горіх',	'greckij-gorih',	'greckij-gorih.jpg',	'',	'',	'кг'),
(300,	78,	'Груша',	'grusha',	'grusha.jpg',	'',	'',	'кг'),
(301,	80,	'Диня',	'dinya',	'dinya.jpg',	'',	'',	'кг'),
(302,	81,	'Диня Сушена',	'dinya-sushena',	'dinya-sushena.jpg',	'',	'',	'кг'),
(303,	82,	'Журавлина',	'zhuravlina',	'zhuravlina.jpg',	'',	'',	'кг'),
(304,	83,	'Ізюм Золотий',	'izyum-zolotij',	'izyum-zolotij.jpg',	'',	'',	'кг'),
(305,	84,	'Ізюм Синій',	'izyum-sinij',	'izyum-sinij.jpg',	'',	'',	'кг'),
(306,	85,	'Ізюм Темний',	'izyum-temnij',	'izyum-temnij.jpg',	'',	'',	'кг'),
(307,	86,	'Імбир',	'imbir',	'imbir.jpg',	'',	'',	'кг'),
(308,	87,	'Імбірь Цукат',	'imbir-cukat',	'imbir-cukat.jpg',	'',	'',	'кг'),
(309,	88,	'Інжир',	'inzhir',	'inzhir.jpg',	'',	'',	'шт'),
(310,	89,	'Інжир Сушений',	'inzhir-sushenij',	'inzhir-sushenij.jpg',	'',	'',	'кг'),
(311,	90,	'Кабачок',	'kabachok',	'kabachok.jpg',	'',	'',	'кг'),
(312,	91,	'Кавун',	'kavun',	'kavun.jpg',	'',	'',	'кг'),
(313,	92,	'Капуста Імпорт',	'kapusta-import',	'kapusta-import.jpg',	'',	'',	'кг'),
(314,	93,	'Капуста Білокачанна',	'kapusta-bilokachanna',	'kapusta-bilokachanna.jpg',	'',	'',	'кг'),
(315,	94,	'Капуста Брокколі',	'kapusta-brokkoli',	'kapusta-brokkoli.jpg',	'',	'',	'кг'),
(316,	95,	'Капуста Квашена 1',	'kapusta-kvashena-1',	'kapusta-kvashena-1.jpg',	'',	'',	'кг'),
(317,	96,	'Капуста Молода',	'kapusta-moloda',	'kapusta-moloda.jpg',	'',	'',	'кг'),
(318,	97,	'Капуста Пекінська',	'kapusta-pekinska',	'kapusta-pekinska.jpg',	'',	'',	'кг'),
(319,	98,	'Капуста Синя',	'kapusta-sinya',	'kapusta-sinya.jpg',	'',	'',	'кг'),
(320,	99,	'Капуста Цвітна',	'kapusta-cvitna',	'kapusta-cvitna.jpg',	'',	'',	'кг'),
(321,	100,	'Картопля',	'kartoplya',	'kartoplya.jpg',	'',	'',	'кг'),
(322,	101,	'Картопля Молода 2',	'kartoplya-moloda-2',	'kartoplya-moloda-2.jpg',	'',	'',	'кг'),
(323,	102,	'Квасоля',	'kvasolya',	'kvasolya.jpg',	'',	'',	'кг'),
(324,	103,	'Кешю',	'keshyu',	'keshyu.jpg',	'',	'',	'кг'),
(325,	104,	'Ківі',	'kivi',	'kivi.jpg',	'',	'',	'кг'),
(326,	105,	'Ківі Цукат',	'kivi-cukat',	'kivi-cukat.jpg',	'',	'',	'кг'),
(327,	106,	'Кінза',	'kinza',	'kinza.jpg',	'',	'',	'шт'),
(328,	107,	'Гозинаки',	'gozinaki',	'gozinaki.jpg',	'',	'',	'кг'),
(329,	108,	'Кокос',	'kokos',	'kokos.jpg',	'',	'',	'шт'),
(330,	109,	'Кокосова Стружка',	'kokosova-struzhka',	'kokosova-struzhka.jpg',	'',	'',	'кг'),
(331,	110,	'Корицева Паличка',	'koriceva-palichka',	'koriceva-palichka.jpg',	'',	'',	'кг'),
(332,	111,	'Корінь Селери',	'korin-seleri',	'korin-seleri.jpg',	'',	'',	'кг'),
(333,	112,	'Корольок',	'korolok',	'korolok.jpg',	'',	'',	'кг'),
(334,	113,	'Корольок Іспанія',	'korolok-ispaniya',	'korolok-ispaniya.jpg',	'',	'',	'кг'),
(335,	114,	'Кріп Ваговий',	'krip-vagovij',	'krip-vagovij.jpg',	'',	'',	'кг'),
(336,	115,	'Кріп Пучок',	'krip-puchok',	'krip-puchok.jpg',	'',	'',	'шт'),
(337,	116,	'Кукуруза',	'kukuruza',	'kukuruza.jpg',	'',	'',	'кг'),
(338,	117,	'Кумкват',	'kumkvat',	'kumkvat.jpg',	'',	'',	'кг'),
(339,	118,	'Кунжут',	'kunzhut',	'kunzhut.jpg',	'',	'',	'кг'),
(340,	119,	'Курага 1 Сорт',	'kuraga-1-sort',	'kuraga-1-sort.jpg',	'',	'',	'кг'),
(341,	120,	'Курага Джамбо',	'kuraga-dzhambo',	'kuraga-dzhambo.jpg',	'',	'',	'кг'),
(342,	121,	'Курага Сердечко',	'kuraga-serdechko',	'kuraga-serdechko.jpg',	'',	'',	'кг'),
(343,	122,	'Лайм',	'lajm',	'lajm.jpg',	'',	'',	'кг'),
(344,	123,	'Лимон',	'limon',	'limon.jpg',	'',	'',	'кг'),
(345,	124,	'Мак',	'mak',	'mak.jpg',	'',	'',	'кг'),
(346,	125,	'Малина',	'malina',	'malina.jpg',	'',	'',	'кг'),
(347,	126,	'Манго',	'mango',	'mango.jpg',	'',	'',	'шт'),
(348,	127,	'Манго Королівське',	'mango-korolivske',	'mango-korolivske.jpg',	'',	'',	'шт'),
(349,	128,	'Манго Цукат',	'mango-cukat',	'mango-cukat.jpg',	'',	'',	'кг'),
(350,	130,	'Мандарин Еліт',	'mandarin-elit',	'mandarin-elit.jpg',	'',	'',	'кг'),
(351,	131,	'Мандарин Іспанія',	'mandarin-ispaniya',	'mandarin-ispaniya.jpg',	'',	'',	'кг'),
(352,	132,	'Мандарин Італія',	'mandarin-italiya',	'mandarin-italiya.jpg',	'',	'',	'кг'),
(353,	133,	'Мандарин Турція',	'mandarin-turciya',	'mandarin-turciya.jpg',	'',	'',	'кг'),
(354,	134,	'Мигдаль Золотий',	'migdal-zolotij',	'migdal-zolotij.jpg',	'',	'',	'кг'),
(355,	135,	'Мікрогрін Горох',	'mikrogrin-goroh',	'mikrogrin-goroh.jpg',	'',	'',	'шт'),
(356,	136,	'Мікрогрін Люцерна',	'mikrogrin-lyucerna',	'mikrogrin-lyucerna.jpg',	'',	'',	'шт'),
(357,	137,	'Мікрогрін Гарбуз',	'mikrogrin-garbuz',	'mikrogrin-garbuz.jpg',	'',	'',	'шт'),
(358,	138,	'Мікрогрін Редис',	'mikrogrin-redis',	'mikrogrin-redis.jpg',	'',	'',	'шт'),
(359,	139,	'Мікрогрін Цибуля',	'mikrogrin-cibulya',	'mikrogrin-cibulya.jpg',	'',	'',	'шт'),
(360,	140,	'Морква Абако',	'morkva-abako',	'morkva-abako.jpg',	'',	'',	'кг'),
(361,	141,	'Мята',	'myata',	'myata.jpg',	'',	'',	'кг'),
(362,	142,	'Насіння Гарбуза',	'nasinnya-garbuza',	'nasinnya-garbuza.jpg',	'',	'',	'кг'),
(363,	143,	'Насіння Чіа',	'nasinnya-chia',	'nasinnya-chia.jpg',	'',	'',	'кг'),
(364,	144,	'Горох Нут',	'goroh-nut',	'goroh-nut.jpg',	'',	'',	'кг'),
(365,	146,	'Огірок Квашений 1',	'ogirok-kvashenij-1',	'ogirok-kvashenij-1.jpg',	'',	'',	'кг'),
(366,	147,	'Огірок Колючий',	'ogirok-kolyuchij',	'ogirok-kolyuchij.jpg',	'',	'',	'кг'),
(367,	148,	'Помело',	'pomelo',	'pomelo.jpg',	'',	'',	'кг'),
(368,	149,	'Папайя',	'papajya',	'papajya.jpg',	'',	'',	'кг'),
(369,	150,	'Паприка Мелена',	'paprika-melena',	'paprika-melena.jpg',	'',	'',	'кг'),
(370,	151,	'Пахлава',	'pahlava',	'pahlava.jpg',	'',	'',	'кг'),
(371,	152,	'Перець Білозірка',	'perec-bilozirka',	'perec-bilozirka.jpg',	'',	'',	'кг'),
(372,	153,	'Перець Болгарський',	'perec-bolgarskij',	'perec-bolgarskij.jpg',	'',	'',	'кг'),
(373,	154,	'Перець Болгарський Жовтий',	'perec-bolgarskij-zhovtij',	'perec-bolgarskij-zhovtij.jpg',	'',	'',	'кг'),
(374,	155,	'Перець Каппі',	'perec-kappi',	'perec-kappi.jpg',	'',	'',	'кг'),
(375,	156,	'Перець Чилі',	'perec-chili',	'perec-chili.jpg',	'',	'',	'кг'),
(376,	157,	'Персик',	'persik',	'persik.jpg',	'',	'',	'кг'),
(377,	158,	'Петрушка Кучерява',	'petrushka-kucheryava',	'petrushka-kucheryava.jpg',	'',	'',	'кг'),
(378,	159,	'Петрушка',	'petrushka',	'petrushka.jpg',	'',	'',	'шт'),
(379,	160,	'Пітахайя Біла',	'pitahajya-bila',	'pitahajya-bila.jpg',	'',	'',	'шт'),
(380,	161,	'Пітахайя Червона',	'pitahajya-chervona',	'pitahajya-chervona.jpg',	'',	'',	'кг'),
(381,	162,	'Полуниця',	'polunicya',	'polunicya.jpg',	'',	'',	'кг'),
(382,	163,	'Томат Імпорт',	'tomat-import',	'tomat-import.jpg',	'',	'',	'кг'),
(383,	164,	'Томат Коктейльный',	'tomat-koktejlnyj',	'tomat-koktejlnyj.jpg',	'',	'',	'кг'),
(384,	165,	'Томат Рожевий',	'tomat-rozhevij',	'tomat-rozhevij.jpg',	'',	'',	'кг'),
(385,	166,	'Томат Чері',	'tomat-cheri',	'tomat-cheri.jpg',	'',	'',	'кг'),
(386,	167,	'Порей',	'porej',	'porej.jpg',	'',	'',	'кг'),
(387,	168,	'Смородина Червона',	'smorodina-chervona',	'smorodina-chervona.jpg',	'',	'',	'шт'),
(388,	169,	'Салат Радічіо',	'salat-radichio',	'salat-radichio.jpg',	'',	'',	'кг'),
(389,	170,	'Редиска',	'rediska',	'rediska.jpg',	'',	'',	'кг'),
(390,	171,	'Розмарин',	'rozmarin',	'rozmarin.jpg',	'',	'',	'кг'),
(391,	172,	'Рукола',	'rukola',	'rukola.jpg',	'',	'',	'кг'),
(392,	173,	'Рукола Фасована',	'rukola-fasovana',	'rukola-fasovana.jpg',	'',	'',	'шт'),
(393,	174,	'Салат Айсберг',	'salat-ajsberg',	'salat-ajsberg.jpg',	'',	'',	'кг'),
(394,	175,	'Салат Біонда',	'salat-bionda',	'salat-bionda.jpg',	'',	'',	'кг'),
(395,	176,	'Салат Мікс',	'salat-miks',	'salat-miks.jpg',	'',	'',	'кг'),
(396,	177,	'Салат Ромен',	'salat-romen',	'salat-romen.jpg',	'',	'',	'кг'),
(397,	178,	'Салат Россо',	'salat-rosso',	'salat-rosso.jpg',	'',	'',	'кг'),
(398,	179,	'Світі',	'sviti',	'sviti.jpg',	'',	'',	'кг'),
(399,	180,	'Стебло Селери',	'steblo-seleri',	'steblo-seleri.jpg',	'',	'',	'кг'),
(400,	181,	'Мікс Тропік Сухофрукти ',	'miks-tropik-suhofrukti',	'miks-tropik-suhofrukti.jpg',	'',	'',	'кг'),
(401,	182,	'Сушка',	'sushka',	'sushka.jpg',	'',	'',	'кг'),
(402,	183,	'Сушка Узбецька',	'sushka-uzbecka',	'sushka-uzbecka.jpg',	'',	'',	'кг'),
(403,	184,	'Гарбуз',	'garbuz',	'garbuz.jpg',	'',	'',	'кг'),
(404,	185,	'Кмин',	'kmin',	'kmin.jpg',	'',	'',	'кг'),
(405,	186,	'Урюк Сушений',	'uryuk-sushenij',	'uryuk-sushenij.jpg',	'',	'',	'кг'),
(406,	187,	'Фінік',	'finik',	'finik.jpg',	'',	'',	'кг'),
(407,	188,	'Фінік Медовий 1',	'finik-medovij-1',	'finik-medovij-1.jpg',	'',	'',	'кг'),
(408,	189,	'Фінік Медовий 2',	'finik-medovij-2',	'finik-medovij-2.jpg',	'',	'',	'шт'),
(409,	190,	'Фісташки',	'fistashki',	'fistashki.jpg',	'',	'',	'кг'),
(410,	191,	'Салат Фрізе',	'salat-frize',	'salat-frize.jpg',	'',	'',	'кг'),
(411,	192,	'Фундук Чиш',	'funduk-chish',	'funduk-chish.jpg',	'',	'',	'кг'),
(412,	193,	'Халва',	'halva',	'halva.jpg',	'',	'',	'кг'),
(413,	194,	'Халва Узбецька',	'halva-uzbecka',	'halva-uzbecka.jpg',	'',	'',	'кг'),
(414,	195,	'Цибуля',	'cibulya',	'cibulya.jpg',	'',	'',	'кг'),
(415,	196,	'Цибуля Біла',	'cibulya-bila',	'cibulya-bila.jpg',	'',	'',	'кг'),
(416,	197,	'Цибуля Марс',	'cibulya-mars',	'cibulya-mars.jpg',	'',	'',	'кг'),
(417,	198,	'Цукат Кубик Мікс',	'cukat-kubik-miks',	'cukat-kubik-miks.jpg',	'',	'',	'кг'),
(418,	199,	'Цукат Кубик Мікс Кроха',	'cukat-kubik-miks-kroha',	'cukat-kubik-miks-kroha.jpg',	'',	'',	'кг'),
(419,	200,	'Цукат Помело',	'cukat-pomelo',	'cukat-pomelo.jpg',	'',	'',	'кг'),
(420,	201,	'Цукат Папайя',	'cukat-papajya',	'cukat-papajya.jpg',	'',	'',	'кг'),
(421,	203,	'Часник',	'chasnik',	'chasnik.jpg',	'',	'',	'кг'),
(422,	204,	'Часник Імпорт',	'chasnik-import',	'chasnik-import.jpg',	'',	'',	'кг'),
(423,	205,	'Сочевиця',	'sochevicya',	'sochevicya.jpg',	'',	'',	'кг'),
(424,	206,	'Сочевиця Червона',	'sochevicya-chervona',	'sochevicya-chervona.jpg',	'',	'',	'кг'),
(425,	207,	'Сочевиця Шліфована',	'sochevicya-shlifovana',	'sochevicya-shlifovana.jpg',	'',	'',	'кг'),
(426,	208,	'Чорнослив',	'chornosliv',	'chornosliv.jpg',	'',	'',	'кг'),
(427,	209,	'Шпинат',	'shpinat',	'shpinat.jpg',	'',	'',	'кг'),
(428,	210,	'Шпинат Пучок',	'shpinat-puchok',	'shpinat-puchok.jpg',	'',	'',	'шт'),
(429,	211,	'Яблуко Домашнє',	'yabluko-domashnye',	'yabluko-domashnye.jpg',	'',	'',	'кг'),
(430,	212,	'Яблуко Червоне',	'yabluko-chervone',	'yabluko-chervone.jpg',	'',	'',	'кг'),
(431,	213,	'Ягоди Годжі',	'yagodi-godzhi',	'yagodi-godzhi.jpg',	'',	'',	'кг'),
(432,	214,	'Ядро Соняшника',	'yadro-sonyashnika',	'yadro-sonyashnika.jpg',	'',	'',	'кг'),
(433,	221,	'Смородина ',	'smorodina',	'smorodina.jpg',	'',	'',	'кг'),
(434,	222,	'Кукурудза',	'kukurudza',	'kukurudza.jpg',	'',	'',	'шт'),
(435,	223,	'Чорниця',	'chornicya',	'chornicya.jpg',	'',	'',	'кг'),
(436,	224,	'Капуста Квашена 2',	'kapusta-kvashena-2',	'kapusta-kvashena-2.jpg',	'',	'',	'кг'),
(437,	225,	'Огірок Корнішон Квашений',	'ogirok-kornishon-kvashenij',	'ogirok-kornishon-kvashenij.jpg',	'',	'',	'кг'),
(438,	227,	'Фейхоа',	'fejhoa',	'fejhoa.jpg',	'',	'',	'кг'),
(439,	226,	'Огірок Квашений 2',	'ogirok-kvashenij-2',	'ogirok-kvashenij-2.jpg',	'',	'',	'кг'),
(440,	228,	'Смородина Фасована',	'smorodina-fasovana',	'smorodina-fasovana.jpg',	'',	'',	'шт'),
(441,	229,	'Гриб Глива',	'grib-gliva',	'grib-gliva.jpg',	'',	'',	'кг'),
(442,	230,	'Чебрець (Тимьян)',	'chebrec-timyan',	'chebrec-timyan.jpg',	'',	'',	'кг'),
(443,	231,	'Батат 2',	'batat-2',	'batat-2.jpg',	'',	'',	'кг'),
(444,	232,	'Дайкон',	'dajkon',	'dajkon.jpg',	'',	'',	'кг'),
(445,	233,	'Льон',	'lon',	'lon.jpg',	'',	'',	'кг'),
(446,	234,	'Мигдаль',	'migdal',	'migdal.jpg',	'',	'',	'кг'),
(447,	236,	'Урюк Сушений',	'uryuk-sushenij',	'uryuk-sushenij.jpg',	'',	'',	'кг'),
(448,	237,	'Картопля Рожева',	'kartoplya-rozheva',	'kartoplya-rozheva.jpg',	'',	'',	'кг'),
(449,	238,	'Огірок Гладкий',	'ogirok-gladkij',	'ogirok-gladkij.jpg',	'',	'',	'кг'),
(450,	239,	'Айва 2',	'ajva-2',	'ajva-2.jpg',	'',	'',	'кг'),
(451,	240,	'Виноград Синій',	'vinograd-sinij',	'vinograd-sinij.jpg',	'',	'',	'кг'),
(452,	241,	'Банан Бебі',	'banan-bebi',	'banan-bebi.jpg',	'',	'',	'кг'),
(453,	242,	'Персик Інжирний',	'persik-inzhirnij',	'persik-inzhirnij.jpg',	'',	'',	'кг'),
(454,	243,	'Приправа по-корейськи',	'priprava-po-korejski',	'priprava-po-korejski.jpg',	'',	'',	'кг'),
(455,	244,	'Куркума',	'kurkuma',	'kurkuma.jpg',	'',	'',	'кг'),
(456,	245,	'Хурма',	'hurma',	'hurma.jpg',	'',	'',	'кг'),
(457,	246,	'Яблуко Зелене',	'yabluko-zelene',	'yabluko-zelene.jpg',	'[\"Зелені яблука з кисло-солодким смаком.\", \"Яблука містять багато клітковини, яка допомагає з травленням і очищенням організму. Крім цього, завдяки пектину у складі яблука нормалізують рівень холестерину у крові. Корисні ці фрукти і при проблемах з жовчним міхуром: яблука є легким жовчогінним засобом. Багато у яблуках заліза і вітаміну С.\", \"Зелені яблука є найкращими для випічки і запікання, адже під час термічної обробки вони стають солодкими. Смакують вони і у салатах, особливо з куркою.\"]',	'{\n\"Калорійність (на 100г)\": \"47 ккал\",\n\"Умови зберігання\": \"4-6 місяців\",\n\"Термін зберігання\": \"від 0 до +4; вологість 90 - 95%\"\n}',	'кг'),
(458,	247,	'Новий товар dc5065467432',	'novij-tovar-dc5065467432',	'novij-tovar-dc5065467432.jpg',	'',	'',	'кг'),
(459,	248,	'Новий товар 226ba9e48e5e',	'novij-tovar-226ba9e48e5e',	'novij-tovar-226ba9e48e5e.jpg',	'',	'',	'кг');

DROP TABLE IF EXISTS `001_products`;
CREATE TABLE `001_products` (
  `id` int NOT NULL AUTO_INCREMENT,
  `cat_id` int NOT NULL,
  `code` varchar(255) CHARACTER SET utf8 COLLATE utf8_general_ci NOT NULL,
  `def_img` varchar(255) CHARACTER SET utf8 COLLATE utf8_general_ci NOT NULL,
  `price` float NOT NULL,
  `visible` int NOT NULL DEFAULT '1',
  `vol` float DEFAULT '0.1',
  `vol_min` float DEFAULT '0.1',
  PRIMARY KEY (`id`),
  UNIQUE KEY `product_id_uindex` (`id`)
) ENGINE=MyISAM DEFAULT CHARSET=utf8;

INSERT INTO `001_products` (`id`, `cat_id`, `code`, `def_img`, `price`, `visible`, `vol`, `vol_min`) VALUES
(15,	2,	'536b951da009',	'536b951da009.jpg',	28.5,	1,	1,	1),
(16,	2,	'ce7c788d6915',	'ce7c788d6915.jpg',	14,	1,	1,	0.1),
(18,	3,	'fc4071bb6315',	'fc4071bb6315.jpg',	40,	0,	1,	0.1),
(19,	3,	'dba38f201046',	'dba38f201046.jpg',	16,	0,	1,	0.1),
(20,	3,	'8c07121fd870',	'8c07121fd870.jpg',	8,	0,	1,	0.1),
(21,	3,	'2cfad47122b8',	'2cfad47122b8.jpg',	40,	1,	1,	0.1),
(24,	5,	'b5202e247208',	'b5202e247208.jpg',	55,	1,	1,	0.1),
(25,	5,	'5639612f9ddf',	'5639612f9ddf.jpg',	85,	1,	0,	0.2),
(26,	5,	'e8e2023ea312',	'e8e2023ea312.jpg',	40,	0,	1,	1),
(28,	2,	'1dd9a873fec2',	'1dd9a873fec2.jpg',	40,	1,	1,	0.1),
(30,	3,	'a816575743f9',	'a816575743f9.jpg',	40,	0,	1,	0.1),
(32,	3,	'f6c153f2affe',	'f6c153f2affe.jpg',	25,	0,	1,	0.1),
(36,	5,	'd7aa9f6f89a1',	'd7aa9f6f89a1.jpg',	90,	1,	1,	0.1),
(37,	6,	'c759b271101b',	'c759b271101b.jpg',	22,	1,	1,	1),
(38,	7,	'7a5f44b66cce',	'7a5f44b66cce.jpg',	130,	1,	1,	0.1),
(39,	2,	'88ff7271384f',	'88ff7271384f.jpg',	55,	0,	1,	0.1),
(40,	2,	'a870f4a4d910',	'a870f4a4d910.jpg',	38,	1,	1,	1),
(41,	2,	'7555bf937e6d',	'7555bf937e6d.jpg',	50,	1,	1,	1),
(42,	2,	'81d2aac8273a',	'81d2aac8273a.jpg',	20,	1,	1,	0.1),
(43,	4,	'bde961ad1201',	'bde961ad1201.jpg',	1,	0,	1,	0.1),
(44,	2,	'3fc5752a8a8c',	'3fc5752a8a8c.jpg',	60,	1,	1,	1),
(45,	2,	'0272fd7b7bcc',	'0272fd7b7bcc.jpg',	110,	1,	1,	1),
(46,	6,	'80c145944aa8',	'80c145944aa8.jpg',	171,	1,	1,	0.1),
(47,	2,	'e2a4785b5c32',	'e2a4785b5c32.jpg',	115,	1,	1,	1),
(48,	2,	'834b68630d1b',	'834b68630d1b.jpg',	40,	1,	1,	0.1),
(49,	2,	'9b8c71fde168',	'9b8c71fde168.jpg',	1,	0,	1,	1),
(50,	2,	'4c5e9efad70c',	'4c5e9efad70c.jpg',	48,	1,	1,	0.1),
(51,	2,	'5524ea8e5576',	'5524ea8e5576.jpg',	1,	0,	1,	0.1),
(52,	2,	'c89301e784d9',	'c89301e784d9.jpg',	1,	0,	1,	0.1),
(53,	7,	'a0390d000a6a',	'a0390d000a6a.jpg',	75,	1,	1,	0.1),
(54,	7,	'9ce27b9825b1',	'9ce27b9825b1.jpg',	128,	1,	1,	0.1),
(55,	7,	'0f6039b8e889',	'0f6039b8e889.jpg',	80,	1,	1,	0.1),
(56,	7,	'b811fe997ceb',	'b811fe997ceb.jpg',	60,	1,	1,	0.1),
(57,	7,	'bd3fdf596784',	'bd3fdf596784.jpg',	66,	1,	1,	0.1),
(58,	7,	'32db06709cdd',	'32db06709cdd.jpg',	80,	1,	1,	0.1),
(59,	7,	'c7d98ff75e8f',	'c7d98ff75e8f.jpg',	185,	1,	1,	0.1),
(60,	1,	'3188c3ee7bfd',	'3188c3ee7bfd.jpg',	380,	1,	1,	0.1),
(61,	5,	'74dcb884de0a',	'74dcb884de0a.jpg',	40,	1,	1,	1),
(62,	3,	'f160282e655e',	'f160282e655e.jpg',	65,	1,	1,	1),
(63,	6,	'0d352a2c3ee0',	'0d352a2c3ee0.jpg',	121,	1,	1,	0.1),
(64,	3,	'b1e1dc8ef9af',	'b1e1dc8ef9af.jpg',	95,	0,	1,	0.1),
(66,	3,	'262c5b4c8bae',	'262c5b4c8bae.jpg',	9,	0,	1,	0.1),
(67,	3,	'79042f373eb0',	'79042f373eb0.jpg',	5.5,	1,	1,	0.1),
(68,	2,	'2f172834a3ec',	'2f172834a3ec.jpg',	100,	1,	1,	1),
(69,	2,	'cc0a353e42dd',	'cc0a353e42dd.jpg',	70,	1,	1,	0.1),
(70,	2,	'f7cd2d4c70e7',	'f7cd2d4c70e7.jpg',	60,	1,	1,	0.1),
(71,	2,	'4acb7ae30d27',	'4acb7ae30d27.jpg',	1,	0,	1,	0.1),
(72,	6,	'95c838bce775',	'95c838bce775.jpg',	165,	1,	1,	0.1),
(73,	2,	'f5f93263b9e9',	'f5f93263b9e9.jpg',	50,	1,	125,	0.1),
(74,	7,	'6be74322de0f',	'6be74322de0f.jpg',	550,	1,	1,	0.1),
(75,	2,	'3a5aa335d8e4',	'3a5aa335d8e4.jpg',	50,	1,	1,	0.1),
(76,	2,	'928e6636690d',	'928e6636690d.jpg',	55,	1,	1,	0.5),
(77,	7,	'de1932f7c1c5',	'de1932f7c1c5.jpg',	145,	1,	1,	0.1),
(78,	2,	'da6942ef3f62',	'da6942ef3f62.jpg',	45,	1,	1,	0.1),
(80,	2,	'c9de5da3a533',	'c9de5da3a533.jpg',	17,	0,	1,	0.1),
(81,	6,	'0146a84ef021',	'0146a84ef021.jpg',	189,	1,	1,	0.1),
(82,	2,	'9cc4ce0c5c1f',	'9cc4ce0c5c1f.jpg',	1,	0,	1,	0.1),
(83,	6,	'3a4a3aa58b95',	'3a4a3aa58b95.jpg',	80,	1,	1,	0.1),
(84,	6,	'ba39f5d46394',	'ba39f5d46394.jpg',	87,	1,	1,	0.1),
(85,	6,	'4d1a4d1fb975',	'4d1a4d1fb975.jpg',	47,	1,	1,	0.1),
(86,	1,	'9a2c56704900',	'9a2c56704900.jpg',	150,	1,	1,	0.1),
(87,	6,	'fb1584e10351',	'fb1584e10351.jpg',	165,	1,	1,	0.1),
(88,	2,	'53f84b944e1c',	'53f84b944e1c.jpg',	28,	0,	1,	1),
(89,	6,	'225eef9b9feb',	'225eef9b9feb.jpg',	124,	1,	1,	0.1),
(90,	3,	'f806c1e246c0',	'f806c1e246c0.jpg',	55,	1,	1,	0.1),
(91,	2,	'cc9fba249714',	'cc9fba249714.jpg',	8,	0,	1,	0.1),
(92,	3,	'2660edba9c79',	'2660edba9c79.jpg',	1,	0,	1,	0.1),
(93,	3,	'eea7a5b718f8',	'eea7a5b718f8.jpg',	6,	1,	1,	0.1),
(94,	3,	'61f18fec1b55',	'61f18fec1b55.jpg',	65,	1,	1,	0.1),
(95,	3,	'975d3289512c',	'975d3289512c.jpg',	22,	1,	1,	0.1),
(96,	3,	'081a097d6737',	'081a097d6737.jpg',	11.5,	1,	1,	0.1),
(97,	3,	'895b6e0e5e16',	'895b6e0e5e16.jpg',	12,	1,	1,	0.1),
(98,	3,	'9c048ee307c3',	'9c048ee307c3.jpg',	18,	1,	1,	1),
(99,	3,	'373e19c73cf7',	'373e19c73cf7.jpg',	40,	1,	1,	0.1),
(100,	3,	'138581f7de49',	'138581f7de49.jpg',	7.8,	1,	1,	1),
(101,	3,	'e785f9a69f58',	'e785f9a69f58.jpg',	8,	0,	1,	0.1),
(102,	4,	'ff089d019ef7',	'ff089d019ef7.jpg',	48,	1,	1,	0.1),
(103,	7,	'2bf28378d761',	'2bf28378d761.jpg',	292,	1,	1,	0.1),
(104,	2,	'17c86fe1ec0c',	'17c86fe1ec0c.jpg',	53,	1,	1,	1),
(105,	6,	'6750193414da',	'6750193414da.jpg',	152,	1,	1,	0.1),
(106,	5,	'8baea27a012b',	'8baea27a012b.jpg',	110,	1,	1,	1),
(107,	1,	'37b69f0d8ef0',	'37b69f0d8ef0.jpg',	68,	1,	1,	0.1),
(108,	2,	'5825c545673d',	'5825c545673d.jpg',	28,	1,	1,	0.1),
(109,	4,	'79ea7fbb8828',	'79ea7fbb8828.jpg',	72,	1,	1,	0.1),
(110,	1,	'dac3c3454a95',	'dac3c3454a95.jpg',	283,	1,	1,	0.1),
(111,	3,	'ff62578f449c',	'ff62578f449c.jpg',	30,	1,	1,	0.1),
(112,	2,	'50aa47770cc0',	'50aa47770cc0.jpg',	55,	1,	1,	1),
(113,	2,	'd783e630c243',	'd783e630c243.jpg',	60,	1,	1,	1),
(114,	5,	'fe84a9014330',	'fe84a9014330.jpg',	65,	1,	1,	0.1),
(115,	5,	'4847d6de8380',	'4847d6de8380.jpg',	8,	1,	1,	1),
(116,	1,	'761ee6f722c8',	'761ee6f722c8.jpg',	104,	1,	1,	0.1),
(117,	6,	'9c69bd66feb3',	'9c69bd66feb3.jpg',	260,	1,	1,	0.1),
(118,	4,	'35dfeacee41c',	'35dfeacee41c.jpg',	87,	1,	1,	0.1),
(119,	6,	'ded8ec1528f5',	'ded8ec1528f5.jpg',	73,	1,	1,	0.1),
(120,	6,	'e3a535855cc5',	'e3a535855cc5.jpg',	132,	1,	1,	0.1),
(121,	6,	'6d0942df5001',	'6d0942df5001.jpg',	36,	1,	1,	0.1),
(122,	2,	'4f4d81bb4dfa',	'4f4d81bb4dfa.jpg',	95,	1,	1,	0.1),
(123,	2,	'efb7955bfcc1',	'efb7955bfcc1.jpg',	37,	1,	1,	0.1),
(124,	4,	'8955aeee8d9c',	'8955aeee8d9c.jpg',	116,	1,	1,	0.1),
(125,	2,	'96289249fe74',	'96289249fe74.jpg',	60,	0,	1,	0.1),
(126,	2,	'feeefb8fcd4e',	'feeefb8fcd4e.jpg',	47,	1,	1,	0.1),
(127,	2,	'bd49f6186643',	'bd49f6186643.jpg',	180,	1,	1,	1),
(128,	6,	'6f3002052066',	'6f3002052066.jpg',	167,	1,	1,	0.1),
(130,	2,	'0a61afe29c5d',	'0a61afe29c5d.jpg',	60,	1,	1,	0.1),
(131,	2,	'b023a3e77a22',	'b023a3e77a22.jpg',	55,	1,	1,	1),
(132,	2,	'58866b3507ef',	'58866b3507ef.jpg',	42,	1,	1,	1),
(133,	2,	'1fa9816faa6f',	'1fa9816faa6f.jpg',	36,	1,	1,	1),
(134,	7,	'4fd960b3bd87',	'4fd960b3bd87.jpg',	1,	0,	1,	0.1),
(135,	5,	'eec0838c431f',	'eec0838c431f.jpg',	55,	1,	1,	1),
(136,	5,	'2865df548881',	'2865df548881.jpg',	45,	1,	1,	1),
(137,	5,	'b89be2057ffd',	'b89be2057ffd.jpg',	55,	1,	1,	1),
(138,	5,	'36ffd0c93f7e',	'36ffd0c93f7e.jpg',	55,	1,	1,	1),
(139,	5,	'41d4db4c297e',	'41d4db4c297e.jpg',	65,	1,	1,	1),
(140,	3,	'ba6940287669',	'ba6940287669.jpg',	6.8,	1,	1,	0.1),
(141,	5,	'80ec684b3965',	'80ec684b3965.jpg',	175,	1,	1,	0.1),
(142,	4,	'b56fa23380f1',	'b56fa23380f1.jpg',	142,	1,	1,	0.1),
(143,	4,	'2d45a55e07ba',	'2d45a55e07ba.jpg',	105,	1,	1,	0.1),
(144,	4,	'ebdb681185cf',	'ebdb681185cf.jpg',	35,	1,	1,	0.1),
(146,	4,	'92e7668e0be5',	'92e7668e0be5.jpg',	1,	0,	1,	0.1),
(147,	3,	'3bec07a21e87',	'3bec07a21e87.jpg',	42,	1,	1,	0.1),
(148,	2,	'95d96fa6a705',	'95d96fa6a705.jpg',	45,	1,	1,	1),
(149,	2,	'a82d04d9138c',	'a82d04d9138c.jpg',	180,	1,	1,	0.1),
(150,	1,	'583961d9247b',	'583961d9247b.jpg',	1,	0,	1,	0.1),
(151,	1,	'ec0a77edd743',	'ec0a77edd743.jpg',	130,	0,	1,	0.1),
(152,	3,	'd2ac6a671e6f',	'd2ac6a671e6f.jpg',	15,	0,	1,	0.1),
(153,	3,	'aac05451d0a7',	'aac05451d0a7.jpg',	70,	1,	1,	0.1),
(154,	3,	'90b5d4a42eab',	'90b5d4a42eab.jpg',	80,	1,	1,	0.1),
(155,	3,	'50193429a6e4',	'50193429a6e4.jpg',	28,	0,	1,	0.1),
(156,	3,	'7cabe9d00042',	'7cabe9d00042.jpg',	100,	1,	1,	0.1),
(157,	2,	'44913527fafb',	'44913527fafb.jpg',	50,	0,	1,	0.1),
(158,	5,	'd679ce403359',	'd679ce403359.jpg',	95,	1,	1,	0.1),
(159,	5,	'9e1e885ac411',	'9e1e885ac411.jpg',	8,	1,	1,	1),
(160,	2,	'd78872d6c85e',	'd78872d6c85e.jpg',	140,	1,	1,	0.1),
(161,	2,	'84c53741bff7',	'84c53741bff7.jpg',	155,	1,	1,	0.1),
(162,	2,	'270d5f5ce3b8',	'270d5f5ce3b8.jpg',	55,	0,	1,	0.1),
(163,	3,	'ea1b2971de78',	'ea1b2971de78.jpg',	39,	1,	1,	0.1),
(164,	3,	'4b586cf89090',	'4b586cf89090.jpg',	55,	1,	1,	0.1),
(165,	3,	'528941dd5ccb',	'528941dd5ccb.jpg',	55,	1,	1,	0.1),
(166,	3,	'8271dc90a6b9',	'8271dc90a6b9.jpg',	55,	1,	1,	0.1),
(167,	5,	'855fb058f858',	'855fb058f858.jpg',	85,	1,	1,	0.1),
(168,	2,	'03c5852d7d7b',	'03c5852d7d7b.jpg',	55,	0,	1,	0.12),
(169,	5,	'9088bedca5ab',	'9088bedca5ab.jpg',	130,	1,	1,	0.5),
(170,	3,	'0ec071c74a9a',	'0ec071c74a9a.jpg',	25,	0,	1,	0.1),
(171,	5,	'bfa1bda4e8dd',	'bfa1bda4e8dd.jpg',	350,	1,	1,	0.1),
(172,	5,	'87b302bad114',	'87b302bad114.jpg',	110,	0,	1,	0.1),
(173,	5,	'7eb15e954376',	'7eb15e954376.jpg',	32,	0,	1,	1),
(174,	5,	'1e940e9706c7',	'1e940e9706c7.jpg',	37,	1,	1,	0.1),
(175,	5,	'a50c6105a04f',	'a50c6105a04f.jpg',	75,	1,	1,	0.1),
(176,	5,	'e40892514293',	'e40892514293.jpg',	32,	1,	1,	0.1),
(177,	5,	'fc94ff351ed8',	'fc94ff351ed8.jpg',	40,	1,	1,	0.1),
(178,	5,	'929e9dbf3c98',	'929e9dbf3c98.jpg',	75,	1,	1,	0.1),
(179,	2,	'abdd60185b5e',	'abdd60185b5e.jpg',	80,	1,	1,	1),
(180,	5,	'79baf430ffdb',	'79baf430ffdb.jpg',	60,	1,	1,	0.1),
(181,	6,	'd5989ed02838',	'd5989ed02838.jpg',	190,	1,	1,	0.1),
(182,	6,	'31fdc9130fec',	'31fdc9130fec.jpg',	28,	1,	1,	0.1),
(183,	6,	'66a3045cc50b',	'66a3045cc50b.jpg',	35,	1,	1,	0.1),
(184,	3,	'c3e0c45844cb',	'c3e0c45844cb.jpg',	9.8,	1,	1,	0.1),
(185,	1,	'c21eef3910aa',	'c21eef3910aa.jpg',	190,	1,	1,	0.1),
(186,	6,	'1beb438f7cd2',	'1beb438f7cd2.jpg',	116,	1,	1,	0.1),
(187,	6,	'2c5e779523a5',	'2c5e779523a5.jpg',	78,	1,	1,	0.1),
(188,	6,	'6ebb59984f71',	'6ebb59984f71.jpg',	82,	1,	1,	0.1),
(189,	6,	'8216573ffb1f',	'8216573ffb1f.jpg',	22,	1,	1,	0.2),
(190,	7,	'c4f979b2bf0f',	'c4f979b2bf0f.jpg',	420,	1,	1,	0.1),
(191,	5,	'1a2d9580baf5',	'1a2d9580baf5.jpg',	70,	1,	1,	0.1),
(192,	7,	'2536cf951344',	'2536cf951344.jpg',	334,	1,	1,	0.1),
(193,	1,	'367f72aba926',	'367f72aba926.jpg',	128,	1,	1,	0.1),
(194,	1,	'e112f828b897',	'e112f828b897.jpg',	95,	1,	1,	0.1),
(195,	3,	'2b31a3d48815',	'2b31a3d48815.jpg',	6,	1,	1,	1),
(196,	3,	'e6c55b643182',	'e6c55b643182.jpg',	15,	1,	1,	0.2),
(197,	3,	'5e0e88449ff6',	'5e0e88449ff6.jpg',	15,	1,	1,	0.1),
(198,	6,	'3c7261808b56',	'3c7261808b56.jpg',	132,	1,	1,	0.1),
(199,	6,	'b5b2ef421909',	'b5b2ef421909.jpg',	125,	1,	1,	0.1),
(200,	6,	'591c39a169a6',	'591c39a169a6.jpg',	126,	1,	1,	0.1),
(201,	6,	'e905a2d38492',	'e905a2d38492.jpg',	1,	0,	1,	0.1),
(203,	3,	'cd314cb6f05f',	'cd314cb6f05f.jpg',	75,	1,	1,	0.1),
(204,	3,	'0b6dc1544e44',	'0b6dc1544e44.jpg',	62,	1,	1,	0.1),
(205,	4,	'a62e45df7436',	'a62e45df7436.jpg',	22,	1,	1,	0.1),
(206,	4,	'a03259daa890',	'a03259daa890.jpg',	39,	1,	1,	0.1),
(207,	4,	'88f4f94aae19',	'88f4f94aae19.jpg',	23,	1,	1,	0.1),
(208,	6,	'e233ef972f95',	'e233ef972f95.jpg',	48,	1,	1,	0.1),
(209,	5,	'9aa82081e422',	'9aa82081e422.jpg',	100,	1,	1,	0.1),
(210,	5,	'9995820b73e6',	'9995820b73e6.jpg',	15,	0,	1,	1),
(211,	2,	'283e39215101',	'283e39215101.jpg',	12,	1,	1,	0.1),
(212,	2,	'1fb255a423f8',	'1fb255a423f8.jpg',	11,	1,	1,	0.1),
(213,	6,	'dd6da216f138',	'dd6da216f138.jpg',	315,	1,	1,	0.1),
(214,	4,	'f9c421c77c27',	'f9c421c77c27.jpg',	28,	1,	1,	0.2),
(221,	2,	'92c3305fe83d',	'92c3305fe83d.jpg',	60,	0,	1,	0.2),
(222,	3,	'5415f3d592bc',	'5415f3d592bc.jpg',	10,	0,	1,	1),
(223,	2,	'8812994b1887',	'8812994b1887.jpg',	105,	0,	1,	0.1),
(224,	3,	'7cebb083a537',	'7cebb083a537.jpg',	22,	1,	1,	5),
(225,	3,	'4f3eae0442d0',	'4f3eae0442d0.jpg',	42,	1,	1,	2),
(227,	2,	'088b3124f346',	'088b3124f346.jpg',	120,	1,	1,	0.1),
(226,	3,	'69a3bc220dad',	'69a3bc220dad.jpg',	33,	1,	1,	2),
(228,	2,	'8a60e142c007',	'8a60e142c007.jpg',	110,	0,	125,	1),
(229,	3,	'4ec00e008eb2',	'4ec00e008eb2.jpg',	63,	1,	1,	1),
(230,	5,	'18b016e93ed8',	'18b016e93ed8.jpg',	400,	1,	1,	1),
(231,	3,	'7d9068c437d7',	'7d9068c437d7.jpg',	95,	0,	1,	1),
(232,	3,	'0d9d01860258',	'0d9d01860258.jpg',	20,	1,	1,	1),
(233,	4,	'86779c6d76f8',	'86779c6d76f8.jpg',	30,	1,	1,	0.1),
(234,	7,	'b915f43e56a1',	'b915f43e56a1.jpg',	265,	1,	1,	0.1),
(236,	6,	'36056d0b908f',	'36056d0b908f.jpg',	116,	1,	1,	0.5),
(237,	3,	'37ac4db29ec2',	'37ac4db29ec2.jpg',	8.5,	1,	1,	1),
(238,	3,	'c676ccf78ba8',	'c676ccf78ba8.jpg',	38,	1,	1,	1),
(239,	2,	'06237d1e7460',	'06237d1e7460.jpg',	18,	1,	1,	1),
(240,	2,	'573dc31803e7',	'573dc31803e7.jpg',	45,	1,	1,	1),
(241,	2,	'18342eef539f',	'18342eef539f.jpg',	90,	1,	1,	1),
(242,	2,	'820259d979d7',	'820259d979d7.jpg',	52,	0,	1,	0.5),
(243,	4,	'933aeb3685ef',	'933aeb3685ef.jpg',	122,	1,	1,	0.1),
(244,	4,	'440b29866844',	'440b29866844.jpg',	90,	1,	1,	1),
(245,	2,	'f783789cdcc4',	'f783789cdcc4.jpg',	45,	1,	1,	1),
(246,	2,	'7f86f1f49b30',	'7f86f1f49b30.jpg',	11,	1,	1,	1),
(248,	1,	'226ba9e48e5e',	'226ba9e48e5e.jpg',	1,	1,	1,	0.1);

DROP TABLE IF EXISTS `001_reviews`;
CREATE TABLE `001_reviews` (
  `id` int NOT NULL AUTO_INCREMENT,
  `product_id` int NOT NULL,
  `name` varchar(255) CHARACTER SET utf8 COLLATE utf8_general_ci NOT NULL,
  `email` varchar(255) CHARACTER SET utf8 COLLATE utf8_general_ci NOT NULL,
  `text` text CHARACTER SET utf8 COLLATE utf8_general_ci NOT NULL,
  `date` timestamp NOT NULL ON UPDATE CURRENT_TIMESTAMP,
  PRIMARY KEY (`id`),
  KEY `product_id` (`product_id`),
  CONSTRAINT `001_reviews_ibfk_1` FOREIGN KEY (`product_id`) REFERENCES `products` (`id`) ON DELETE CASCADE
) ENGINE=InnoDB DEFAULT CHARSET=utf8;


DROP TABLE IF EXISTS `001_users`;
CREATE TABLE `001_users` (
  `id` int NOT NULL AUTO_INCREMENT,
  `email` varchar(255) NOT NULL,
  `username` varchar(255) NOT NULL,
  `phone` varchar(10) DEFAULT NULL,
  `address` varchar(255) DEFAULT NULL,
  `discount` int DEFAULT '0',
  `secret` varchar(255) NOT NULL,
  `role` varchar(255) DEFAULT NULL,
  `change_secret_link` varchar(255) DEFAULT NULL,
  PRIMARY KEY (`id`),
  UNIQUE KEY `users_id_uindex` (`id`)
) ENGINE=InnoDB DEFAULT CHARSET=utf8;

INSERT INTO `001_users` (`id`, `email`, `username`, `phone`, `address`, `discount`, `secret`, `role`, `change_secret_link`) VALUES
(8,	'vberkoz@gmail.com',	'Василь Сергійович',	'0668132356',	'Кутозова буд. 4, підїзд 10, кв. 90',	0,	'$2y$10$p5Gh.8gunmx.G4J5mA8dVehjUV8M3bvtq.IP.2VmQUU0ZgTEfxlU2',	'client',	''),
(11,	'order@vplus.in.ua',	'Admin',	NULL,	NULL,	0,	'$2y$10$SEYXU4ttkWPMUzFFDFpUwOTMfKZtXN12kWj2cD8aia/6g/iTS.14G',	'admin',	NULL),
(12,	'westukr85@gmail.com',	'Сергій',	NULL,	NULL,	0,	'$2y$10$CULk.db3pFrSNLPrKn/0u.plkKAiSUUKwz58PNht4yLDeDzmNEGKe',	'client',	NULL),
(13,	'kolya.dorogan@gmail.com',	'Коля',	'3809933002',	'Іркутська 6а',	0,	'$2y$10$W.pWpydr9HmoKSbjrG8ISeeP2PE8edEaD0oi9f13r63K5g2msoWCa',	'client',	NULL),
(14,	'kuchurivskiy@gmail.com',	'Василь Дмитрович',	'0953550821',	'Чорноморська,4А/під\'їзд 8/кв.242',	0,	'$2y$10$tHj.ZJhH4lU3nrKsr48n5.HdPx7YnP3FxIlu//Z3yDBZPtrg4Qhr2',	'client',	NULL),
(15,	'analitic.ozzy@gmail.com',	'Вадим',	NULL,	NULL,	0,	'$2y$10$7dEKBs8k8WtkYaq464engOFGV5tLlQPSciQ8nO6yr0FMs/OhJWEuC',	'client',	NULL),
(16,	'illina@i.ua',	'Аліна',	'0955888287',	'Сторожинецька 124а',	0,	'$2y$10$our0tdTS0mP57zrcUj8QG.1ZED5r5xYOIoV/IHg1qbTjKvlpNXl3i',	'client',	NULL),
(17,	'prodan1966@gmail.com',	'Ольга',	NULL,	NULL,	0,	'$2y$10$Ma5S1cZCp0yomv13dzZtNu1QcOslKEH.uSGTswcfut46SI48xr28G',	'client',	NULL),
(18,	'jyveslovo@gmail.com',	'Дмитро',	'0635631780',	'Герцена 43А',	0,	'$2y$10$kdkfm.v/mj5rVU/x/sZjZ.i0DvXETVYd1x5LIuGqa/UWdORJ1655u',	'client',	NULL),
(19,	'1997rf1997@gmail.com',	'Дмитро Ткачук',	'0976865464',	'Альпійська 31',	0,	'$2y$10$.l8FBEURHJ26ljVAghomEuVYfxQs/mLs7s/i1M9xYHro5XMOcTHwK',	'client',	NULL);

-- 2021-01-23 14:28:31
